study_id,model_id,assessment_framework,assessment_part,domain,judgment,rationale,evidence_url,reviewer
S-10.3390/s23249675,M061-01,PROBAST+AI,model_evaluation,participants_and_data_sources,unclear,Sampling frame and unique participant count; based on PubMed record and PMC full text. NR fields were not imputed.,https://pmc.ncbi.nlm.nih.gov/articles/PMC10747670/,single-pass AI-assisted audit; author sign-off pending
S-10.3390/s23249675,M061-01,PROBAST+AI,model_evaluation,predictors,unclear,Signal acquisition and predictor processing; based on PubMed record and PMC full text. NR fields were not imputed.,https://pmc.ncbi.nlm.nih.gov/articles/PMC10747670/,single-pass AI-assisted audit; author sign-off pending
S-10.3390/s23249675,M061-01,PROBAST+AI,model_evaluation,outcome,unclear,"Outcome definition, timing, and separation from predictors; based on PubMed record and PMC full text. NR fields were not imputed.",https://pmc.ncbi.nlm.nih.gov/articles/PMC10747670/,single-pass AI-assisted audit; author sign-off pending
S-10.3390/s23249675,M061-01,PROBAST+AI,model_evaluation,analysis,unclear,"Person-level separation, tuning, and performance analysis; based on PubMed record and PMC full text. NR fields were not imputed.",https://pmc.ncbi.nlm.nih.gov/articles/PMC10747670/,single-pass AI-assisted audit; author sign-off pending
S-10.3390/s23249675,M061-01,PROBAST+AI,model_evaluation,applicability_participants,low,Population match to clinical pain-state use; based on PubMed record and PMC full text. NR fields were not imputed.,https://pmc.ncbi.nlm.nih.gov/articles/PMC10747670/,single-pass AI-assisted audit; author sign-off pending
S-10.3390/s23249675,M061-01,PROBAST+AI,model_evaluation,applicability_predictors,low,Availability of the measured predictors in intended use; based on PubMed record and PMC full text. NR fields were not imputed.,https://pmc.ncbi.nlm.nih.gov/articles/PMC10747670/,single-pass AI-assisted audit; author sign-off pending
S-10.3390/s23249675,M061-01,PROBAST+AI,model_evaluation,applicability_outcome,unclear,Match between modeled target and intended clinical claim; based on PubMed record and PMC full text. NR fields were not imputed.,https://pmc.ncbi.nlm.nih.gov/articles/PMC10747670/,single-pass AI-assisted audit; author sign-off pending
S-10.1038/s41598-025-14238-y,M062-01,PROBAST+AI,model_evaluation,participants_and_data_sources,unclear,Sampling frame and unique participant count; based on PubMed record and PMC full text. NR fields were not imputed.,https://pmc.ncbi.nlm.nih.gov/articles/PMC12344049/,single-pass AI-assisted audit; author sign-off pending
S-10.1038/s41598-025-14238-y,M062-01,PROBAST+AI,model_evaluation,predictors,unclear,Signal acquisition and predictor processing; based on PubMed record and PMC full text. NR fields were not imputed.,https://pmc.ncbi.nlm.nih.gov/articles/PMC12344049/,single-pass AI-assisted audit; author sign-off pending
S-10.1038/s41598-025-14238-y,M062-01,PROBAST+AI,model_evaluation,outcome,low,"Outcome definition, timing, and separation from predictors; based on PubMed record and PMC full text. NR fields were not imputed.",https://pmc.ncbi.nlm.nih.gov/articles/PMC12344049/,single-pass AI-assisted audit; author sign-off pending
S-10.1038/s41598-025-14238-y,M062-01,PROBAST+AI,model_evaluation,analysis,unclear,"Person-level separation, tuning, and performance analysis; based on PubMed record and PMC full text. NR fields were not imputed.",https://pmc.ncbi.nlm.nih.gov/articles/PMC12344049/,single-pass AI-assisted audit; author sign-off pending
S-10.1038/s41598-025-14238-y,M062-01,PROBAST+AI,model_evaluation,applicability_participants,high,Population match to clinical pain-state use; based on PubMed record and PMC full text. NR fields were not imputed.,https://pmc.ncbi.nlm.nih.gov/articles/PMC12344049/,single-pass AI-assisted audit; author sign-off pending
S-10.1038/s41598-025-14238-y,M062-01,PROBAST+AI,model_evaluation,applicability_predictors,low,Availability of the measured predictors in intended use; based on PubMed record and PMC full text. NR fields were not imputed.,https://pmc.ncbi.nlm.nih.gov/articles/PMC12344049/,single-pass AI-assisted audit; author sign-off pending
S-10.1038/s41598-025-14238-y,M062-01,PROBAST+AI,model_evaluation,applicability_outcome,low,Match between modeled target and intended clinical claim; based on PubMed record and PMC full text. NR fields were not imputed.,https://pmc.ncbi.nlm.nih.gov/articles/PMC12344049/,single-pass AI-assisted audit; author sign-off pending
S-10.3390/diagnostics15202661,M063-01,PROBAST+AI,model_evaluation,participants_and_data_sources,unclear,Sampling frame and unique participant count; based on PubMed record and PMC full text. NR fields were not imputed.,https://pmc.ncbi.nlm.nih.gov/articles/PMC12564096/,single-pass AI-assisted audit; author sign-off pending
S-10.3390/diagnostics15202661,M063-01,PROBAST+AI,model_evaluation,predictors,unclear,Signal acquisition and predictor processing; based on PubMed record and PMC full text. NR fields were not imputed.,https://pmc.ncbi.nlm.nih.gov/articles/PMC12564096/,single-pass AI-assisted audit; author sign-off pending
S-10.3390/diagnostics15202661,M063-01,PROBAST+AI,model_evaluation,outcome,unclear,"Outcome definition, timing, and separation from predictors; based on PubMed record and PMC full text. NR fields were not imputed.",https://pmc.ncbi.nlm.nih.gov/articles/PMC12564096/,single-pass AI-assisted audit; author sign-off pending
S-10.3390/diagnostics15202661,M063-01,PROBAST+AI,model_evaluation,analysis,unclear,"Person-level separation, tuning, and performance analysis; based on PubMed record and PMC full text. NR fields were not imputed.",https://pmc.ncbi.nlm.nih.gov/articles/PMC12564096/,single-pass AI-assisted audit; author sign-off pending
S-10.3390/diagnostics15202661,M063-01,PROBAST+AI,model_evaluation,applicability_participants,low,Population match to clinical pain-state use; based on PubMed record and PMC full text. NR fields were not imputed.,https://pmc.ncbi.nlm.nih.gov/articles/PMC12564096/,single-pass AI-assisted audit; author sign-off pending
S-10.3390/diagnostics15202661,M063-01,PROBAST+AI,model_evaluation,applicability_predictors,low,Availability of the measured predictors in intended use; based on PubMed record and PMC full text. NR fields were not imputed.,https://pmc.ncbi.nlm.nih.gov/articles/PMC12564096/,single-pass AI-assisted audit; author sign-off pending
S-10.3390/diagnostics15202661,M063-01,PROBAST+AI,model_evaluation,applicability_outcome,unclear,Match between modeled target and intended clinical claim; based on PubMed record and PMC full text. NR fields were not imputed.,https://pmc.ncbi.nlm.nih.gov/articles/PMC12564096/,single-pass AI-assisted audit; author sign-off pending
S-10.1186/s12904-024-01526-z,M064-01,validation_transparency,descriptive_transparency,sampling,unclear,Unique participant count and sampling frame; based on PubMed record and PMC full text. NR fields were not imputed.,https://pmc.ncbi.nlm.nih.gov/articles/PMC11297625/,single-pass AI-assisted audit; author sign-off pending
S-10.1186/s12904-024-01526-z,M064-01,validation_transparency,descriptive_transparency,target_definition,clear,"Stimulus, behavior, ECAP, or descriptive target kept distinct from pain self-report; based on PubMed record and PMC full text. NR fields were not imputed.",https://pmc.ncbi.nlm.nih.gov/articles/PMC11297625/,single-pass AI-assisted audit; author sign-off pending
S-10.1186/s12904-024-01526-z,M064-01,validation_transparency,descriptive_transparency,processing_boundary,unclear,Preprocessing and segmentation boundary; based on PubMed record and PMC full text. NR fields were not imputed.,https://pmc.ncbi.nlm.nih.gov/articles/PMC11297625/,single-pass AI-assisted audit; author sign-off pending
S-10.1186/s12904-024-01526-z,M064-01,validation_transparency,descriptive_transparency,validation_design,unclear,Unit of separation between development and evaluation data; based on PubMed record and PMC full text. NR fields were not imputed.,https://pmc.ncbi.nlm.nih.gov/articles/PMC11297625/,single-pass AI-assisted audit; author sign-off pending
S-10.3389/fped.2026.1784197,M065-01,PROBAST+AI,model_evaluation,participants_and_data_sources,low,Sampling frame and unique participant count; based on PubMed record and PMC full text. NR fields were not imputed.,https://pmc.ncbi.nlm.nih.gov/articles/PMC13438283/,single-pass AI-assisted audit; author sign-off pending
S-10.3389/fped.2026.1784197,M065-01,PROBAST+AI,model_evaluation,predictors,unclear,Signal acquisition and predictor processing; based on PubMed record and PMC full text. NR fields were not imputed.,https://pmc.ncbi.nlm.nih.gov/articles/PMC13438283/,single-pass AI-assisted audit; author sign-off pending
S-10.3389/fped.2026.1784197,M065-01,PROBAST+AI,model_evaluation,outcome,unclear,"Outcome definition, timing, and separation from predictors; based on PubMed record and PMC full text. NR fields were not imputed.",https://pmc.ncbi.nlm.nih.gov/articles/PMC13438283/,single-pass AI-assisted audit; author sign-off pending
S-10.3389/fped.2026.1784197,M065-01,PROBAST+AI,model_evaluation,analysis,unclear,"Person-level separation, tuning, and performance analysis; based on PubMed record and PMC full text. NR fields were not imputed.",https://pmc.ncbi.nlm.nih.gov/articles/PMC13438283/,single-pass AI-assisted audit; author sign-off pending
S-10.3389/fped.2026.1784197,M065-01,PROBAST+AI,model_evaluation,applicability_participants,low,Population match to clinical pain-state use; based on PubMed record and PMC full text. NR fields were not imputed.,https://pmc.ncbi.nlm.nih.gov/articles/PMC13438283/,single-pass AI-assisted audit; author sign-off pending
S-10.3389/fped.2026.1784197,M065-01,PROBAST+AI,model_evaluation,applicability_predictors,low,Availability of the measured predictors in intended use; based on PubMed record and PMC full text. NR fields were not imputed.,https://pmc.ncbi.nlm.nih.gov/articles/PMC13438283/,single-pass AI-assisted audit; author sign-off pending
S-10.3389/fped.2026.1784197,M065-01,PROBAST+AI,model_evaluation,applicability_outcome,unclear,Match between modeled target and intended clinical claim; based on PubMed record and PMC full text. NR fields were not imputed.,https://pmc.ncbi.nlm.nih.gov/articles/PMC13438283/,single-pass AI-assisted audit; author sign-off pending
S-10.1016/j.heliyon.2024.e41558,M066-01,PROBAST+AI,model_evaluation,participants_and_data_sources,low,Sampling frame and unique participant count; based on PubMed record and PMC full text. NR fields were not imputed.,https://pmc.ncbi.nlm.nih.gov/articles/PMC11750553/,single-pass AI-assisted audit; author sign-off pending
S-10.1016/j.heliyon.2024.e41558,M066-01,PROBAST+AI,model_evaluation,predictors,unclear,Signal acquisition and predictor processing; based on PubMed record and PMC full text. NR fields were not imputed.,https://pmc.ncbi.nlm.nih.gov/articles/PMC11750553/,single-pass AI-assisted audit; author sign-off pending
S-10.1016/j.heliyon.2024.e41558,M066-01,PROBAST+AI,model_evaluation,outcome,unclear,"Outcome definition, timing, and separation from predictors; based on PubMed record and PMC full text. NR fields were not imputed.",https://pmc.ncbi.nlm.nih.gov/articles/PMC11750553/,single-pass AI-assisted audit; author sign-off pending
S-10.1016/j.heliyon.2024.e41558,M066-01,PROBAST+AI,model_evaluation,analysis,unclear,"Person-level separation, tuning, and performance analysis; based on PubMed record and PMC full text. NR fields were not imputed.",https://pmc.ncbi.nlm.nih.gov/articles/PMC11750553/,single-pass AI-assisted audit; author sign-off pending
S-10.1016/j.heliyon.2024.e41558,M066-01,PROBAST+AI,model_evaluation,applicability_participants,low,Population match to clinical pain-state use; based on PubMed record and PMC full text. NR fields were not imputed.,https://pmc.ncbi.nlm.nih.gov/articles/PMC11750553/,single-pass AI-assisted audit; author sign-off pending
S-10.1016/j.heliyon.2024.e41558,M066-01,PROBAST+AI,model_evaluation,applicability_predictors,low,Availability of the measured predictors in intended use; based on PubMed record and PMC full text. NR fields were not imputed.,https://pmc.ncbi.nlm.nih.gov/articles/PMC11750553/,single-pass AI-assisted audit; author sign-off pending
S-10.1016/j.heliyon.2024.e41558,M066-01,PROBAST+AI,model_evaluation,applicability_outcome,unclear,Match between modeled target and intended clinical claim; based on PubMed record and PMC full text. NR fields were not imputed.,https://pmc.ncbi.nlm.nih.gov/articles/PMC11750553/,single-pass AI-assisted audit; author sign-off pending
S-10.1038/s41597-024-03878-w,M012-01,dataset_transparency,descriptive_transparency,sampling,clear,Unique participant count and population description; based on curated evidence map and available report. NR fields were not imputed.,https://pmc.ncbi.nlm.nih.gov/articles/PMC11436824/,single-pass AI-assisted audit; author sign-off pending
S-10.1038/s41597-024-03878-w,M012-01,dataset_transparency,descriptive_transparency,labeling,clear,Target definition and provenance of labels; based on curated evidence map and available report. NR fields were not imputed.,https://pmc.ncbi.nlm.nih.gov/articles/PMC11436824/,single-pass AI-assisted audit; author sign-off pending
S-10.1038/s41597-024-03878-w,M012-01,dataset_transparency,descriptive_transparency,processing,unclear,Processing boundary reported in checked source; based on curated evidence map and available report. NR fields were not imputed.,https://pmc.ncbi.nlm.nih.gov/articles/PMC11436824/,single-pass AI-assisted audit; author sign-off pending
S-10.1038/s41597-024-03878-w,M012-01,dataset_transparency,descriptive_transparency,validation_and_access,clear,Reuse access and validation information; based on curated evidence map and available report. NR fields were not imputed.,https://pmc.ncbi.nlm.nih.gov/articles/PMC11436824/,single-pass AI-assisted audit; author sign-off pending
S-10.1056/nejmoa1204471,M030-01,PROBAST+AI,model_evaluation,participants_and_data_sources,low,Sampling frame and unique participant count; based on curated evidence map and available report. NR fields were not imputed.,https://pmc.ncbi.nlm.nih.gov/articles/PMC3691100/,single-pass AI-assisted audit; author sign-off pending
S-10.1056/nejmoa1204471,M030-01,PROBAST+AI,model_evaluation,predictors,unclear,Signal acquisition and predictor processing; based on curated evidence map and available report. NR fields were not imputed.,https://pmc.ncbi.nlm.nih.gov/articles/PMC3691100/,single-pass AI-assisted audit; author sign-off pending
S-10.1056/nejmoa1204471,M030-01,PROBAST+AI,model_evaluation,outcome,unclear,"Outcome definition, timing, and separation from predictors; based on curated evidence map and available report. NR fields were not imputed.",https://pmc.ncbi.nlm.nih.gov/articles/PMC3691100/,single-pass AI-assisted audit; author sign-off pending
S-10.1056/nejmoa1204471,M030-01,PROBAST+AI,model_evaluation,analysis,unclear,"Person-level separation, tuning, and performance analysis; based on curated evidence map and available report. NR fields were not imputed.",https://pmc.ncbi.nlm.nih.gov/articles/PMC3691100/,single-pass AI-assisted audit; author sign-off pending
S-10.1056/nejmoa1204471,M030-01,PROBAST+AI,model_evaluation,applicability_participants,unclear,Population match to clinical pain-state use; based on curated evidence map and available report. NR fields were not imputed.,https://pmc.ncbi.nlm.nih.gov/articles/PMC3691100/,single-pass AI-assisted audit; author sign-off pending
S-10.1056/nejmoa1204471,M030-01,PROBAST+AI,model_evaluation,applicability_predictors,low,Availability of the measured predictors in intended use; based on curated evidence map and available report. NR fields were not imputed.,https://pmc.ncbi.nlm.nih.gov/articles/PMC3691100/,single-pass AI-assisted audit; author sign-off pending
S-10.1056/nejmoa1204471,M030-01,PROBAST+AI,model_evaluation,applicability_outcome,unclear,Match between modeled target and intended clinical claim; based on curated evidence map and available report. NR fields were not imputed.,https://pmc.ncbi.nlm.nih.gov/articles/PMC3691100/,single-pass AI-assisted audit; author sign-off pending
S-10.11817/j.issn.1672-7347.2026.250554,M067-01,validation_transparency,descriptive_transparency,sampling,clear,Unique participant count and sampling frame; based on PubMed record and PMC full text. NR fields were not imputed.,https://pmc.ncbi.nlm.nih.gov/articles/PMC13071591/,single-pass AI-assisted audit; author sign-off pending
S-10.11817/j.issn.1672-7347.2026.250554,M067-01,validation_transparency,descriptive_transparency,target_definition,clear,"Stimulus, behavior, ECAP, or descriptive target kept distinct from pain self-report; based on PubMed record and PMC full text. NR fields were not imputed.",https://pmc.ncbi.nlm.nih.gov/articles/PMC13071591/,single-pass AI-assisted audit; author sign-off pending
S-10.11817/j.issn.1672-7347.2026.250554,M067-01,validation_transparency,descriptive_transparency,processing_boundary,unclear,Preprocessing and segmentation boundary; based on PubMed record and PMC full text. NR fields were not imputed.,https://pmc.ncbi.nlm.nih.gov/articles/PMC13071591/,single-pass AI-assisted audit; author sign-off pending
S-10.11817/j.issn.1672-7347.2026.250554,M067-01,validation_transparency,descriptive_transparency,validation_design,unclear,Unit of separation between development and evaluation data; based on PubMed record and PMC full text. NR fields were not imputed.,https://pmc.ncbi.nlm.nih.gov/articles/PMC13071591/,single-pass AI-assisted audit; author sign-off pending
S-10.1111/nicc.70478,M059-01,PROBAST+AI,model_evaluation,participants_and_data_sources,low,Sampling frame and unique participant count; based on curated evidence map and available report. NR fields were not imputed.,https://pmc.ncbi.nlm.nih.gov/articles/PMC13080763/,single-pass AI-assisted audit; author sign-off pending
S-10.1111/nicc.70478,M059-01,PROBAST+AI,model_evaluation,predictors,unclear,Signal acquisition and predictor processing; based on curated evidence map and available report. NR fields were not imputed.,https://pmc.ncbi.nlm.nih.gov/articles/PMC13080763/,single-pass AI-assisted audit; author sign-off pending
S-10.1111/nicc.70478,M059-01,PROBAST+AI,model_evaluation,outcome,low,"Outcome definition, timing, and separation from predictors; based on curated evidence map and available report. NR fields were not imputed.",https://pmc.ncbi.nlm.nih.gov/articles/PMC13080763/,single-pass AI-assisted audit; author sign-off pending
S-10.1111/nicc.70478,M059-01,PROBAST+AI,model_evaluation,analysis,unclear,"Person-level separation, tuning, and performance analysis; based on curated evidence map and available report. NR fields were not imputed.",https://pmc.ncbi.nlm.nih.gov/articles/PMC13080763/,single-pass AI-assisted audit; author sign-off pending
S-10.1111/nicc.70478,M059-01,PROBAST+AI,model_evaluation,applicability_participants,low,Population match to clinical pain-state use; based on curated evidence map and available report. NR fields were not imputed.,https://pmc.ncbi.nlm.nih.gov/articles/PMC13080763/,single-pass AI-assisted audit; author sign-off pending
S-10.1111/nicc.70478,M059-01,PROBAST+AI,model_evaluation,applicability_predictors,low,Availability of the measured predictors in intended use; based on curated evidence map and available report. NR fields were not imputed.,https://pmc.ncbi.nlm.nih.gov/articles/PMC13080763/,single-pass AI-assisted audit; author sign-off pending
S-10.1111/nicc.70478,M059-01,PROBAST+AI,model_evaluation,applicability_outcome,low,Match between modeled target and intended clinical claim; based on curated evidence map and available report. NR fields were not imputed.,https://pmc.ncbi.nlm.nih.gov/articles/PMC13080763/,single-pass AI-assisted audit; author sign-off pending
S-10.1007/978-3-031-16437-8_72,M144-01,PROBAST+AI,model_evaluation,participants_and_data_sources,unclear,Sampling frame and unique participant count; based on PubMed record and PMC full text. NR fields were not imputed.,https://pmc.ncbi.nlm.nih.gov/articles/PMC10018439/,single-pass AI-assisted audit; author sign-off pending
S-10.1007/978-3-031-16437-8_72,M144-01,PROBAST+AI,model_evaluation,predictors,unclear,Signal acquisition and predictor processing; based on PubMed record and PMC full text. NR fields were not imputed.,https://pmc.ncbi.nlm.nih.gov/articles/PMC10018439/,single-pass AI-assisted audit; author sign-off pending
S-10.1007/978-3-031-16437-8_72,M144-01,PROBAST+AI,model_evaluation,outcome,unclear,"Outcome definition, timing, and separation from predictors; based on PubMed record and PMC full text. NR fields were not imputed.",https://pmc.ncbi.nlm.nih.gov/articles/PMC10018439/,single-pass AI-assisted audit; author sign-off pending
S-10.1007/978-3-031-16437-8_72,M144-01,PROBAST+AI,model_evaluation,analysis,unclear,"Person-level separation, tuning, and performance analysis; based on PubMed record and PMC full text. NR fields were not imputed.",https://pmc.ncbi.nlm.nih.gov/articles/PMC10018439/,single-pass AI-assisted audit; author sign-off pending
S-10.1007/978-3-031-16437-8_72,M144-01,PROBAST+AI,model_evaluation,applicability_participants,low,Population match to clinical pain-state use; based on PubMed record and PMC full text. NR fields were not imputed.,https://pmc.ncbi.nlm.nih.gov/articles/PMC10018439/,single-pass AI-assisted audit; author sign-off pending
S-10.1007/978-3-031-16437-8_72,M144-01,PROBAST+AI,model_evaluation,applicability_predictors,low,Availability of the measured predictors in intended use; based on PubMed record and PMC full text. NR fields were not imputed.,https://pmc.ncbi.nlm.nih.gov/articles/PMC10018439/,single-pass AI-assisted audit; author sign-off pending
S-10.1007/978-3-031-16437-8_72,M144-01,PROBAST+AI,model_evaluation,applicability_outcome,unclear,Match between modeled target and intended clinical claim; based on PubMed record and PMC full text. NR fields were not imputed.,https://pmc.ncbi.nlm.nih.gov/articles/PMC10018439/,single-pass AI-assisted audit; author sign-off pending
S-10.3390/biomimetics11010051,M068-01,PROBAST+AI,model_evaluation,participants_and_data_sources,unclear,Sampling frame and unique participant count; based on PubMed record and PMC full text. NR fields were not imputed.,https://pmc.ncbi.nlm.nih.gov/articles/PMC12838980/,single-pass AI-assisted audit; author sign-off pending
S-10.3390/biomimetics11010051,M068-01,PROBAST+AI,model_evaluation,predictors,unclear,Signal acquisition and predictor processing; based on PubMed record and PMC full text. NR fields were not imputed.,https://pmc.ncbi.nlm.nih.gov/articles/PMC12838980/,single-pass AI-assisted audit; author sign-off pending
S-10.3390/biomimetics11010051,M068-01,PROBAST+AI,model_evaluation,outcome,low,"Outcome definition, timing, and separation from predictors; based on PubMed record and PMC full text. NR fields were not imputed.",https://pmc.ncbi.nlm.nih.gov/articles/PMC12838980/,single-pass AI-assisted audit; author sign-off pending
S-10.3390/biomimetics11010051,M068-01,PROBAST+AI,model_evaluation,analysis,unclear,"Person-level separation, tuning, and performance analysis; based on PubMed record and PMC full text. NR fields were not imputed.",https://pmc.ncbi.nlm.nih.gov/articles/PMC12838980/,single-pass AI-assisted audit; author sign-off pending
S-10.3390/biomimetics11010051,M068-01,PROBAST+AI,model_evaluation,applicability_participants,low,Population match to clinical pain-state use; based on PubMed record and PMC full text. NR fields were not imputed.,https://pmc.ncbi.nlm.nih.gov/articles/PMC12838980/,single-pass AI-assisted audit; author sign-off pending
S-10.3390/biomimetics11010051,M068-01,PROBAST+AI,model_evaluation,applicability_predictors,low,Availability of the measured predictors in intended use; based on PubMed record and PMC full text. NR fields were not imputed.,https://pmc.ncbi.nlm.nih.gov/articles/PMC12838980/,single-pass AI-assisted audit; author sign-off pending
S-10.3390/biomimetics11010051,M068-01,PROBAST+AI,model_evaluation,applicability_outcome,low,Match between modeled target and intended clinical claim; based on PubMed record and PMC full text. NR fields were not imputed.,https://pmc.ncbi.nlm.nih.gov/articles/PMC12838980/,single-pass AI-assisted audit; author sign-off pending
S-10.1177/20552076241259664,M069-01,PROBAST+AI,model_evaluation,participants_and_data_sources,unclear,Sampling frame and unique participant count; based on PubMed record and PMC full text. NR fields were not imputed.,https://pmc.ncbi.nlm.nih.gov/articles/PMC11155325/,single-pass AI-assisted audit; author sign-off pending
S-10.1177/20552076241259664,M069-01,PROBAST+AI,model_evaluation,predictors,unclear,Signal acquisition and predictor processing; based on PubMed record and PMC full text. NR fields were not imputed.,https://pmc.ncbi.nlm.nih.gov/articles/PMC11155325/,single-pass AI-assisted audit; author sign-off pending
S-10.1177/20552076241259664,M069-01,PROBAST+AI,model_evaluation,outcome,low,"Outcome definition, timing, and separation from predictors; based on PubMed record and PMC full text. NR fields were not imputed.",https://pmc.ncbi.nlm.nih.gov/articles/PMC11155325/,single-pass AI-assisted audit; author sign-off pending
S-10.1177/20552076241259664,M069-01,PROBAST+AI,model_evaluation,analysis,unclear,"Person-level separation, tuning, and performance analysis; based on PubMed record and PMC full text. NR fields were not imputed.",https://pmc.ncbi.nlm.nih.gov/articles/PMC11155325/,single-pass AI-assisted audit; author sign-off pending
S-10.1177/20552076241259664,M069-01,PROBAST+AI,model_evaluation,applicability_participants,low,Population match to clinical pain-state use; based on PubMed record and PMC full text. NR fields were not imputed.,https://pmc.ncbi.nlm.nih.gov/articles/PMC11155325/,single-pass AI-assisted audit; author sign-off pending
S-10.1177/20552076241259664,M069-01,PROBAST+AI,model_evaluation,applicability_predictors,low,Availability of the measured predictors in intended use; based on PubMed record and PMC full text. NR fields were not imputed.,https://pmc.ncbi.nlm.nih.gov/articles/PMC11155325/,single-pass AI-assisted audit; author sign-off pending
S-10.1177/20552076241259664,M069-01,PROBAST+AI,model_evaluation,applicability_outcome,low,Match between modeled target and intended clinical claim; based on PubMed record and PMC full text. NR fields were not imputed.,https://pmc.ncbi.nlm.nih.gov/articles/PMC11155325/,single-pass AI-assisted audit; author sign-off pending
S-10.1109/embc.2018.8512389,M145-01,PROBAST+AI,model_evaluation,participants_and_data_sources,unclear,Sampling frame and unique participant count; based on PubMed record and PMC full text. NR fields were not imputed.,https://pmc.ncbi.nlm.nih.gov/articles/PMC6436808/,single-pass AI-assisted audit; author sign-off pending
S-10.1109/embc.2018.8512389,M145-01,PROBAST+AI,model_evaluation,predictors,unclear,Signal acquisition and predictor processing; based on PubMed record and PMC full text. NR fields were not imputed.,https://pmc.ncbi.nlm.nih.gov/articles/PMC6436808/,single-pass AI-assisted audit; author sign-off pending
S-10.1109/embc.2018.8512389,M145-01,PROBAST+AI,model_evaluation,outcome,unclear,"Outcome definition, timing, and separation from predictors; based on PubMed record and PMC full text. NR fields were not imputed.",https://pmc.ncbi.nlm.nih.gov/articles/PMC6436808/,single-pass AI-assisted audit; author sign-off pending
S-10.1109/embc.2018.8512389,M145-01,PROBAST+AI,model_evaluation,analysis,unclear,"Person-level separation, tuning, and performance analysis; based on PubMed record and PMC full text. NR fields were not imputed.",https://pmc.ncbi.nlm.nih.gov/articles/PMC6436808/,single-pass AI-assisted audit; author sign-off pending
S-10.1109/embc.2018.8512389,M145-01,PROBAST+AI,model_evaluation,applicability_participants,low,Population match to clinical pain-state use; based on PubMed record and PMC full text. NR fields were not imputed.,https://pmc.ncbi.nlm.nih.gov/articles/PMC6436808/,single-pass AI-assisted audit; author sign-off pending
S-10.1109/embc.2018.8512389,M145-01,PROBAST+AI,model_evaluation,applicability_predictors,low,Availability of the measured predictors in intended use; based on PubMed record and PMC full text. NR fields were not imputed.,https://pmc.ncbi.nlm.nih.gov/articles/PMC6436808/,single-pass AI-assisted audit; author sign-off pending
S-10.1109/embc.2018.8512389,M145-01,PROBAST+AI,model_evaluation,applicability_outcome,unclear,Match between modeled target and intended clinical claim; based on PubMed record and PMC full text. NR fields were not imputed.,https://pmc.ncbi.nlm.nih.gov/articles/PMC6436808/,single-pass AI-assisted audit; author sign-off pending
S-PMID-30713485,M146-01,PROBAST+AI,model_evaluation,participants_and_data_sources,unclear,Sampling frame and unique participant count; based on PubMed record and PMC full text. NR fields were not imputed.,https://pmc.ncbi.nlm.nih.gov/articles/PMC6352979/,single-pass AI-assisted audit; author sign-off pending
S-PMID-30713485,M146-01,PROBAST+AI,model_evaluation,predictors,unclear,Signal acquisition and predictor processing; based on PubMed record and PMC full text. NR fields were not imputed.,https://pmc.ncbi.nlm.nih.gov/articles/PMC6352979/,single-pass AI-assisted audit; author sign-off pending
S-PMID-30713485,M146-01,PROBAST+AI,model_evaluation,outcome,unclear,"Outcome definition, timing, and separation from predictors; based on PubMed record and PMC full text. NR fields were not imputed.",https://pmc.ncbi.nlm.nih.gov/articles/PMC6352979/,single-pass AI-assisted audit; author sign-off pending
S-PMID-30713485,M146-01,PROBAST+AI,model_evaluation,analysis,unclear,"Person-level separation, tuning, and performance analysis; based on PubMed record and PMC full text. NR fields were not imputed.",https://pmc.ncbi.nlm.nih.gov/articles/PMC6352979/,single-pass AI-assisted audit; author sign-off pending
S-PMID-30713485,M146-01,PROBAST+AI,model_evaluation,applicability_participants,low,Population match to clinical pain-state use; based on PubMed record and PMC full text. NR fields were not imputed.,https://pmc.ncbi.nlm.nih.gov/articles/PMC6352979/,single-pass AI-assisted audit; author sign-off pending
S-PMID-30713485,M146-01,PROBAST+AI,model_evaluation,applicability_predictors,low,Availability of the measured predictors in intended use; based on PubMed record and PMC full text. NR fields were not imputed.,https://pmc.ncbi.nlm.nih.gov/articles/PMC6352979/,single-pass AI-assisted audit; author sign-off pending
S-PMID-30713485,M146-01,PROBAST+AI,model_evaluation,applicability_outcome,unclear,Match between modeled target and intended clinical claim; based on PubMed record and PMC full text. NR fields were not imputed.,https://pmc.ncbi.nlm.nih.gov/articles/PMC6352979/,single-pass AI-assisted audit; author sign-off pending
S-10.1038/s41598-025-97885-5,M070-01,PROBAST+AI,model_evaluation,participants_and_data_sources,low,Sampling frame and unique participant count; based on PubMed record and PMC full text. NR fields were not imputed.,https://pmc.ncbi.nlm.nih.gov/articles/PMC12008390/,single-pass AI-assisted audit; author sign-off pending
S-10.1038/s41598-025-97885-5,M070-01,PROBAST+AI,model_evaluation,predictors,unclear,Signal acquisition and predictor processing; based on PubMed record and PMC full text. NR fields were not imputed.,https://pmc.ncbi.nlm.nih.gov/articles/PMC12008390/,single-pass AI-assisted audit; author sign-off pending
S-10.1038/s41598-025-97885-5,M070-01,PROBAST+AI,model_evaluation,outcome,low,"Outcome definition, timing, and separation from predictors; based on PubMed record and PMC full text. NR fields were not imputed.",https://pmc.ncbi.nlm.nih.gov/articles/PMC12008390/,single-pass AI-assisted audit; author sign-off pending
S-10.1038/s41598-025-97885-5,M070-01,PROBAST+AI,model_evaluation,analysis,unclear,"Person-level separation, tuning, and performance analysis; based on PubMed record and PMC full text. NR fields were not imputed.",https://pmc.ncbi.nlm.nih.gov/articles/PMC12008390/,single-pass AI-assisted audit; author sign-off pending
S-10.1038/s41598-025-97885-5,M070-01,PROBAST+AI,model_evaluation,applicability_participants,low,Population match to clinical pain-state use; based on PubMed record and PMC full text. NR fields were not imputed.,https://pmc.ncbi.nlm.nih.gov/articles/PMC12008390/,single-pass AI-assisted audit; author sign-off pending
S-10.1038/s41598-025-97885-5,M070-01,PROBAST+AI,model_evaluation,applicability_predictors,low,Availability of the measured predictors in intended use; based on PubMed record and PMC full text. NR fields were not imputed.,https://pmc.ncbi.nlm.nih.gov/articles/PMC12008390/,single-pass AI-assisted audit; author sign-off pending
S-10.1038/s41598-025-97885-5,M070-01,PROBAST+AI,model_evaluation,applicability_outcome,low,Match between modeled target and intended clinical claim; based on PubMed record and PMC full text. NR fields were not imputed.,https://pmc.ncbi.nlm.nih.gov/articles/PMC12008390/,single-pass AI-assisted audit; author sign-off pending
S-10.1038/s41598-026-57148-3,M071-01,PROBAST+AI,model_evaluation,participants_and_data_sources,unclear,Sampling frame and unique participant count; based on PubMed record and PMC full text. NR fields were not imputed.,https://pmc.ncbi.nlm.nih.gov/articles/PMC13522443/,single-pass AI-assisted audit; author sign-off pending
S-10.1038/s41598-026-57148-3,M071-01,PROBAST+AI,model_evaluation,predictors,unclear,Signal acquisition and predictor processing; based on PubMed record and PMC full text. NR fields were not imputed.,https://pmc.ncbi.nlm.nih.gov/articles/PMC13522443/,single-pass AI-assisted audit; author sign-off pending
S-10.1038/s41598-026-57148-3,M071-01,PROBAST+AI,model_evaluation,outcome,unclear,"Outcome definition, timing, and separation from predictors; based on PubMed record and PMC full text. NR fields were not imputed.",https://pmc.ncbi.nlm.nih.gov/articles/PMC13522443/,single-pass AI-assisted audit; author sign-off pending
S-10.1038/s41598-026-57148-3,M071-01,PROBAST+AI,model_evaluation,analysis,unclear,"Person-level separation, tuning, and performance analysis; based on PubMed record and PMC full text. NR fields were not imputed.",https://pmc.ncbi.nlm.nih.gov/articles/PMC13522443/,single-pass AI-assisted audit; author sign-off pending
S-10.1038/s41598-026-57148-3,M071-01,PROBAST+AI,model_evaluation,applicability_participants,low,Population match to clinical pain-state use; based on PubMed record and PMC full text. NR fields were not imputed.,https://pmc.ncbi.nlm.nih.gov/articles/PMC13522443/,single-pass AI-assisted audit; author sign-off pending
S-10.1038/s41598-026-57148-3,M071-01,PROBAST+AI,model_evaluation,applicability_predictors,low,Availability of the measured predictors in intended use; based on PubMed record and PMC full text. NR fields were not imputed.,https://pmc.ncbi.nlm.nih.gov/articles/PMC13522443/,single-pass AI-assisted audit; author sign-off pending
S-10.1038/s41598-026-57148-3,M071-01,PROBAST+AI,model_evaluation,applicability_outcome,unclear,Match between modeled target and intended clinical claim; based on PubMed record and PMC full text. NR fields were not imputed.,https://pmc.ncbi.nlm.nih.gov/articles/PMC13522443/,single-pass AI-assisted audit; author sign-off pending
S-10.1038/s41598-025-09046-3,M072-01,PROBAST+AI,model_evaluation,participants_and_data_sources,unclear,Sampling frame and unique participant count; based on PubMed record and PMC full text. NR fields were not imputed.,https://pmc.ncbi.nlm.nih.gov/articles/PMC12218136/,single-pass AI-assisted audit; author sign-off pending
S-10.1038/s41598-025-09046-3,M072-01,PROBAST+AI,model_evaluation,predictors,unclear,Signal acquisition and predictor processing; based on PubMed record and PMC full text. NR fields were not imputed.,https://pmc.ncbi.nlm.nih.gov/articles/PMC12218136/,single-pass AI-assisted audit; author sign-off pending
S-10.1038/s41598-025-09046-3,M072-01,PROBAST+AI,model_evaluation,outcome,unclear,"Outcome definition, timing, and separation from predictors; based on PubMed record and PMC full text. NR fields were not imputed.",https://pmc.ncbi.nlm.nih.gov/articles/PMC12218136/,single-pass AI-assisted audit; author sign-off pending
S-10.1038/s41598-025-09046-3,M072-01,PROBAST+AI,model_evaluation,analysis,unclear,"Person-level separation, tuning, and performance analysis; based on PubMed record and PMC full text. NR fields were not imputed.",https://pmc.ncbi.nlm.nih.gov/articles/PMC12218136/,single-pass AI-assisted audit; author sign-off pending
S-10.1038/s41598-025-09046-3,M072-01,PROBAST+AI,model_evaluation,applicability_participants,low,Population match to clinical pain-state use; based on PubMed record and PMC full text. NR fields were not imputed.,https://pmc.ncbi.nlm.nih.gov/articles/PMC12218136/,single-pass AI-assisted audit; author sign-off pending
S-10.1038/s41598-025-09046-3,M072-01,PROBAST+AI,model_evaluation,applicability_predictors,low,Availability of the measured predictors in intended use; based on PubMed record and PMC full text. NR fields were not imputed.,https://pmc.ncbi.nlm.nih.gov/articles/PMC12218136/,single-pass AI-assisted audit; author sign-off pending
S-10.1038/s41598-025-09046-3,M072-01,PROBAST+AI,model_evaluation,applicability_outcome,unclear,Match between modeled target and intended clinical claim; based on PubMed record and PMC full text. NR fields were not imputed.,https://pmc.ncbi.nlm.nih.gov/articles/PMC12218136/,single-pass AI-assisted audit; author sign-off pending
S-10.3390/s21093273,M073-01,PROBAST+AI,model_evaluation,participants_and_data_sources,unclear,Sampling frame and unique participant count; based on PubMed record and PMC full text. NR fields were not imputed.,https://pmc.ncbi.nlm.nih.gov/articles/PMC8125973/,single-pass AI-assisted audit; author sign-off pending
S-10.3390/s21093273,M073-01,PROBAST+AI,model_evaluation,predictors,unclear,Signal acquisition and predictor processing; based on PubMed record and PMC full text. NR fields were not imputed.,https://pmc.ncbi.nlm.nih.gov/articles/PMC8125973/,single-pass AI-assisted audit; author sign-off pending
S-10.3390/s21093273,M073-01,PROBAST+AI,model_evaluation,outcome,low,"Outcome definition, timing, and separation from predictors; based on PubMed record and PMC full text. NR fields were not imputed.",https://pmc.ncbi.nlm.nih.gov/articles/PMC8125973/,single-pass AI-assisted audit; author sign-off pending
S-10.3390/s21093273,M073-01,PROBAST+AI,model_evaluation,analysis,unclear,"Person-level separation, tuning, and performance analysis; based on PubMed record and PMC full text. NR fields were not imputed.",https://pmc.ncbi.nlm.nih.gov/articles/PMC8125973/,single-pass AI-assisted audit; author sign-off pending
S-10.3390/s21093273,M073-01,PROBAST+AI,model_evaluation,applicability_participants,high,Population match to clinical pain-state use; based on PubMed record and PMC full text. NR fields were not imputed.,https://pmc.ncbi.nlm.nih.gov/articles/PMC8125973/,single-pass AI-assisted audit; author sign-off pending
S-10.3390/s21093273,M073-01,PROBAST+AI,model_evaluation,applicability_predictors,low,Availability of the measured predictors in intended use; based on PubMed record and PMC full text. NR fields were not imputed.,https://pmc.ncbi.nlm.nih.gov/articles/PMC8125973/,single-pass AI-assisted audit; author sign-off pending
S-10.3390/s21093273,M073-01,PROBAST+AI,model_evaluation,applicability_outcome,low,Match between modeled target and intended clinical claim; based on PubMed record and PMC full text. NR fields were not imputed.,https://pmc.ncbi.nlm.nih.gov/articles/PMC8125973/,single-pass AI-assisted audit; author sign-off pending
S-10.1371/journal.pdig.0001301,M074-01,PROBAST+AI,model_evaluation,participants_and_data_sources,low,Sampling frame and unique participant count; based on PubMed record and PMC full text. NR fields were not imputed.,https://pmc.ncbi.nlm.nih.gov/articles/PMC13029810/,single-pass AI-assisted audit; author sign-off pending
S-10.1371/journal.pdig.0001301,M074-01,PROBAST+AI,model_evaluation,predictors,unclear,Signal acquisition and predictor processing; based on PubMed record and PMC full text. NR fields were not imputed.,https://pmc.ncbi.nlm.nih.gov/articles/PMC13029810/,single-pass AI-assisted audit; author sign-off pending
S-10.1371/journal.pdig.0001301,M074-01,PROBAST+AI,model_evaluation,outcome,low,"Outcome definition, timing, and separation from predictors; based on PubMed record and PMC full text. NR fields were not imputed.",https://pmc.ncbi.nlm.nih.gov/articles/PMC13029810/,single-pass AI-assisted audit; author sign-off pending
S-10.1371/journal.pdig.0001301,M074-01,PROBAST+AI,model_evaluation,analysis,unclear,"Person-level separation, tuning, and performance analysis; based on PubMed record and PMC full text. NR fields were not imputed.",https://pmc.ncbi.nlm.nih.gov/articles/PMC13029810/,single-pass AI-assisted audit; author sign-off pending
S-10.1371/journal.pdig.0001301,M074-01,PROBAST+AI,model_evaluation,applicability_participants,low,Population match to clinical pain-state use; based on PubMed record and PMC full text. NR fields were not imputed.,https://pmc.ncbi.nlm.nih.gov/articles/PMC13029810/,single-pass AI-assisted audit; author sign-off pending
S-10.1371/journal.pdig.0001301,M074-01,PROBAST+AI,model_evaluation,applicability_predictors,low,Availability of the measured predictors in intended use; based on PubMed record and PMC full text. NR fields were not imputed.,https://pmc.ncbi.nlm.nih.gov/articles/PMC13029810/,single-pass AI-assisted audit; author sign-off pending
S-10.1371/journal.pdig.0001301,M074-01,PROBAST+AI,model_evaluation,applicability_outcome,low,Match between modeled target and intended clinical claim; based on PubMed record and PMC full text. NR fields were not imputed.,https://pmc.ncbi.nlm.nih.gov/articles/PMC13029810/,single-pass AI-assisted audit; author sign-off pending
S-10.3389/fmed.2024.1309720,M075-01,PROBAST+AI,model_evaluation,participants_and_data_sources,unclear,Sampling frame and unique participant count; based on PubMed record and PMC full text. NR fields were not imputed.,https://pmc.ncbi.nlm.nih.gov/articles/PMC11236545/,single-pass AI-assisted audit; author sign-off pending
S-10.3389/fmed.2024.1309720,M075-01,PROBAST+AI,model_evaluation,predictors,unclear,Signal acquisition and predictor processing; based on PubMed record and PMC full text. NR fields were not imputed.,https://pmc.ncbi.nlm.nih.gov/articles/PMC11236545/,single-pass AI-assisted audit; author sign-off pending
S-10.3389/fmed.2024.1309720,M075-01,PROBAST+AI,model_evaluation,outcome,low,"Outcome definition, timing, and separation from predictors; based on PubMed record and PMC full text. NR fields were not imputed.",https://pmc.ncbi.nlm.nih.gov/articles/PMC11236545/,single-pass AI-assisted audit; author sign-off pending
S-10.3389/fmed.2024.1309720,M075-01,PROBAST+AI,model_evaluation,analysis,unclear,"Person-level separation, tuning, and performance analysis; based on PubMed record and PMC full text. NR fields were not imputed.",https://pmc.ncbi.nlm.nih.gov/articles/PMC11236545/,single-pass AI-assisted audit; author sign-off pending
S-10.3389/fmed.2024.1309720,M075-01,PROBAST+AI,model_evaluation,applicability_participants,low,Population match to clinical pain-state use; based on PubMed record and PMC full text. NR fields were not imputed.,https://pmc.ncbi.nlm.nih.gov/articles/PMC11236545/,single-pass AI-assisted audit; author sign-off pending
S-10.3389/fmed.2024.1309720,M075-01,PROBAST+AI,model_evaluation,applicability_predictors,low,Availability of the measured predictors in intended use; based on PubMed record and PMC full text. NR fields were not imputed.,https://pmc.ncbi.nlm.nih.gov/articles/PMC11236545/,single-pass AI-assisted audit; author sign-off pending
S-10.3389/fmed.2024.1309720,M075-01,PROBAST+AI,model_evaluation,applicability_outcome,low,Match between modeled target and intended clinical claim; based on PubMed record and PMC full text. NR fields were not imputed.,https://pmc.ncbi.nlm.nih.gov/articles/PMC11236545/,single-pass AI-assisted audit; author sign-off pending
S-10.3390/bioengineering13020141,M076-01,PROBAST+AI,model_evaluation,participants_and_data_sources,unclear,Sampling frame and unique participant count; based on PubMed record and PMC full text. NR fields were not imputed.,https://pmc.ncbi.nlm.nih.gov/articles/PMC12938521/,single-pass AI-assisted audit; author sign-off pending
S-10.3390/bioengineering13020141,M076-01,PROBAST+AI,model_evaluation,predictors,unclear,Signal acquisition and predictor processing; based on PubMed record and PMC full text. NR fields were not imputed.,https://pmc.ncbi.nlm.nih.gov/articles/PMC12938521/,single-pass AI-assisted audit; author sign-off pending
S-10.3390/bioengineering13020141,M076-01,PROBAST+AI,model_evaluation,outcome,unclear,"Outcome definition, timing, and separation from predictors; based on PubMed record and PMC full text. NR fields were not imputed.",https://pmc.ncbi.nlm.nih.gov/articles/PMC12938521/,single-pass AI-assisted audit; author sign-off pending
S-10.3390/bioengineering13020141,M076-01,PROBAST+AI,model_evaluation,analysis,unclear,"Person-level separation, tuning, and performance analysis; based on PubMed record and PMC full text. NR fields were not imputed.",https://pmc.ncbi.nlm.nih.gov/articles/PMC12938521/,single-pass AI-assisted audit; author sign-off pending
S-10.3390/bioengineering13020141,M076-01,PROBAST+AI,model_evaluation,applicability_participants,unclear,Population match to clinical pain-state use; based on PubMed record and PMC full text. NR fields were not imputed.,https://pmc.ncbi.nlm.nih.gov/articles/PMC12938521/,single-pass AI-assisted audit; author sign-off pending
S-10.3390/bioengineering13020141,M076-01,PROBAST+AI,model_evaluation,applicability_predictors,low,Availability of the measured predictors in intended use; based on PubMed record and PMC full text. NR fields were not imputed.,https://pmc.ncbi.nlm.nih.gov/articles/PMC12938521/,single-pass AI-assisted audit; author sign-off pending
S-10.3390/bioengineering13020141,M076-01,PROBAST+AI,model_evaluation,applicability_outcome,unclear,Match between modeled target and intended clinical claim; based on PubMed record and PMC full text. NR fields were not imputed.,https://pmc.ncbi.nlm.nih.gov/articles/PMC12938521/,single-pass AI-assisted audit; author sign-off pending
S-10.1145/3449068,M044-01,PROBAST+AI,model_evaluation,participants_and_data_sources,low,Sampling frame and unique participant count; based on curated evidence map and available report. NR fields were not imputed.,https://doi.org/10.1145/3449068,single-pass AI-assisted audit; author sign-off pending
S-10.1145/3449068,M044-01,PROBAST+AI,model_evaluation,predictors,unclear,Signal acquisition and predictor processing; based on curated evidence map and available report. NR fields were not imputed.,https://doi.org/10.1145/3449068,single-pass AI-assisted audit; author sign-off pending
S-10.1145/3449068,M044-01,PROBAST+AI,model_evaluation,outcome,unclear,"Outcome definition, timing, and separation from predictors; based on curated evidence map and available report. NR fields were not imputed.",https://doi.org/10.1145/3449068,single-pass AI-assisted audit; author sign-off pending
S-10.1145/3449068,M044-01,PROBAST+AI,model_evaluation,analysis,unclear,"Person-level separation, tuning, and performance analysis; based on curated evidence map and available report. NR fields were not imputed.",https://doi.org/10.1145/3449068,single-pass AI-assisted audit; author sign-off pending
S-10.1145/3449068,M044-01,PROBAST+AI,model_evaluation,applicability_participants,unclear,Population match to clinical pain-state use; based on curated evidence map and available report. NR fields were not imputed.,https://doi.org/10.1145/3449068,single-pass AI-assisted audit; author sign-off pending
S-10.1145/3449068,M044-01,PROBAST+AI,model_evaluation,applicability_predictors,low,Availability of the measured predictors in intended use; based on curated evidence map and available report. NR fields were not imputed.,https://doi.org/10.1145/3449068,single-pass AI-assisted audit; author sign-off pending
S-10.1145/3449068,M044-01,PROBAST+AI,model_evaluation,applicability_outcome,unclear,Match between modeled target and intended clinical claim; based on curated evidence map and available report. NR fields were not imputed.,https://doi.org/10.1145/3449068,single-pass AI-assisted audit; author sign-off pending
S-10.1038/s41598-025-13433-1,M077-01,PROBAST+AI,model_evaluation,participants_and_data_sources,unclear,Sampling frame and unique participant count; based on PubMed record and PMC full text. NR fields were not imputed.,https://pmc.ncbi.nlm.nih.gov/articles/PMC12314105/,single-pass AI-assisted audit; author sign-off pending
S-10.1038/s41598-025-13433-1,M077-01,PROBAST+AI,model_evaluation,predictors,unclear,Signal acquisition and predictor processing; based on PubMed record and PMC full text. NR fields were not imputed.,https://pmc.ncbi.nlm.nih.gov/articles/PMC12314105/,single-pass AI-assisted audit; author sign-off pending
S-10.1038/s41598-025-13433-1,M077-01,PROBAST+AI,model_evaluation,outcome,low,"Outcome definition, timing, and separation from predictors; based on PubMed record and PMC full text. NR fields were not imputed.",https://pmc.ncbi.nlm.nih.gov/articles/PMC12314105/,single-pass AI-assisted audit; author sign-off pending
S-10.1038/s41598-025-13433-1,M077-01,PROBAST+AI,model_evaluation,analysis,unclear,"Person-level separation, tuning, and performance analysis; based on PubMed record and PMC full text. NR fields were not imputed.",https://pmc.ncbi.nlm.nih.gov/articles/PMC12314105/,single-pass AI-assisted audit; author sign-off pending
S-10.1038/s41598-025-13433-1,M077-01,PROBAST+AI,model_evaluation,applicability_participants,high,Population match to clinical pain-state use; based on PubMed record and PMC full text. NR fields were not imputed.,https://pmc.ncbi.nlm.nih.gov/articles/PMC12314105/,single-pass AI-assisted audit; author sign-off pending
S-10.1038/s41598-025-13433-1,M077-01,PROBAST+AI,model_evaluation,applicability_predictors,low,Availability of the measured predictors in intended use; based on PubMed record and PMC full text. NR fields were not imputed.,https://pmc.ncbi.nlm.nih.gov/articles/PMC12314105/,single-pass AI-assisted audit; author sign-off pending
S-10.1038/s41598-025-13433-1,M077-01,PROBAST+AI,model_evaluation,applicability_outcome,low,Match between modeled target and intended clinical claim; based on PubMed record and PMC full text. NR fields were not imputed.,https://pmc.ncbi.nlm.nih.gov/articles/PMC12314105/,single-pass AI-assisted audit; author sign-off pending
S-10.1371/journal.pone.0337726,M053-01,PROBAST+AI,model_evaluation,participants_and_data_sources,low,Sampling frame and unique participant count; based on curated evidence map and available report. NR fields were not imputed.,https://pmc.ncbi.nlm.nih.gov/articles/PMC12680202/,single-pass AI-assisted audit; author sign-off pending
S-10.1371/journal.pone.0337726,M053-01,PROBAST+AI,model_evaluation,predictors,unclear,Signal acquisition and predictor processing; based on curated evidence map and available report. NR fields were not imputed.,https://pmc.ncbi.nlm.nih.gov/articles/PMC12680202/,single-pass AI-assisted audit; author sign-off pending
S-10.1371/journal.pone.0337726,M053-01,PROBAST+AI,model_evaluation,outcome,low,"Outcome definition, timing, and separation from predictors; based on curated evidence map and available report. NR fields were not imputed.",https://pmc.ncbi.nlm.nih.gov/articles/PMC12680202/,single-pass AI-assisted audit; author sign-off pending
S-10.1371/journal.pone.0337726,M053-01,PROBAST+AI,model_evaluation,analysis,unclear,"Person-level separation, tuning, and performance analysis; based on curated evidence map and available report. NR fields were not imputed.",https://pmc.ncbi.nlm.nih.gov/articles/PMC12680202/,single-pass AI-assisted audit; author sign-off pending
S-10.1371/journal.pone.0337726,M053-01,PROBAST+AI,model_evaluation,applicability_participants,low,Population match to clinical pain-state use; based on curated evidence map and available report. NR fields were not imputed.,https://pmc.ncbi.nlm.nih.gov/articles/PMC12680202/,single-pass AI-assisted audit; author sign-off pending
S-10.1371/journal.pone.0337726,M053-01,PROBAST+AI,model_evaluation,applicability_predictors,low,Availability of the measured predictors in intended use; based on curated evidence map and available report. NR fields were not imputed.,https://pmc.ncbi.nlm.nih.gov/articles/PMC12680202/,single-pass AI-assisted audit; author sign-off pending
S-10.1371/journal.pone.0337726,M053-01,PROBAST+AI,model_evaluation,applicability_outcome,low,Match between modeled target and intended clinical claim; based on curated evidence map and available report. NR fields were not imputed.,https://pmc.ncbi.nlm.nih.gov/articles/PMC12680202/,single-pass AI-assisted audit; author sign-off pending
S-10.3389/frai.2022.942248,M078-01,PROBAST+AI,model_evaluation,participants_and_data_sources,unclear,Sampling frame and unique participant count; based on PubMed record and PMC full text. NR fields were not imputed.,https://pmc.ncbi.nlm.nih.gov/articles/PMC9582446/,single-pass AI-assisted audit; author sign-off pending
S-10.3389/frai.2022.942248,M078-01,PROBAST+AI,model_evaluation,predictors,unclear,Signal acquisition and predictor processing; based on PubMed record and PMC full text. NR fields were not imputed.,https://pmc.ncbi.nlm.nih.gov/articles/PMC9582446/,single-pass AI-assisted audit; author sign-off pending
S-10.3389/frai.2022.942248,M078-01,PROBAST+AI,model_evaluation,outcome,low,"Outcome definition, timing, and separation from predictors; based on PubMed record and PMC full text. NR fields were not imputed.",https://pmc.ncbi.nlm.nih.gov/articles/PMC9582446/,single-pass AI-assisted audit; author sign-off pending
S-10.3389/frai.2022.942248,M078-01,PROBAST+AI,model_evaluation,analysis,unclear,"Person-level separation, tuning, and performance analysis; based on PubMed record and PMC full text. NR fields were not imputed.",https://pmc.ncbi.nlm.nih.gov/articles/PMC9582446/,single-pass AI-assisted audit; author sign-off pending
S-10.3389/frai.2022.942248,M078-01,PROBAST+AI,model_evaluation,applicability_participants,low,Population match to clinical pain-state use; based on PubMed record and PMC full text. NR fields were not imputed.,https://pmc.ncbi.nlm.nih.gov/articles/PMC9582446/,single-pass AI-assisted audit; author sign-off pending
S-10.3389/frai.2022.942248,M078-01,PROBAST+AI,model_evaluation,applicability_predictors,low,Availability of the measured predictors in intended use; based on PubMed record and PMC full text. NR fields were not imputed.,https://pmc.ncbi.nlm.nih.gov/articles/PMC9582446/,single-pass AI-assisted audit; author sign-off pending
S-10.3389/frai.2022.942248,M078-01,PROBAST+AI,model_evaluation,applicability_outcome,low,Match between modeled target and intended clinical claim; based on PubMed record and PMC full text. NR fields were not imputed.,https://pmc.ncbi.nlm.nih.gov/articles/PMC9582446/,single-pass AI-assisted audit; author sign-off pending
S-10.1038/s41598-025-12476-8,M079-01,PROBAST+AI,model_evaluation,participants_and_data_sources,unclear,Sampling frame and unique participant count; based on PubMed record and PMC full text. NR fields were not imputed.,https://pmc.ncbi.nlm.nih.gov/articles/PMC12307811/,single-pass AI-assisted audit; author sign-off pending
S-10.1038/s41598-025-12476-8,M079-01,PROBAST+AI,model_evaluation,predictors,unclear,Signal acquisition and predictor processing; based on PubMed record and PMC full text. NR fields were not imputed.,https://pmc.ncbi.nlm.nih.gov/articles/PMC12307811/,single-pass AI-assisted audit; author sign-off pending
S-10.1038/s41598-025-12476-8,M079-01,PROBAST+AI,model_evaluation,outcome,low,"Outcome definition, timing, and separation from predictors; based on PubMed record and PMC full text. NR fields were not imputed.",https://pmc.ncbi.nlm.nih.gov/articles/PMC12307811/,single-pass AI-assisted audit; author sign-off pending
S-10.1038/s41598-025-12476-8,M079-01,PROBAST+AI,model_evaluation,analysis,unclear,"Person-level separation, tuning, and performance analysis; based on PubMed record and PMC full text. NR fields were not imputed.",https://pmc.ncbi.nlm.nih.gov/articles/PMC12307811/,single-pass AI-assisted audit; author sign-off pending
S-10.1038/s41598-025-12476-8,M079-01,PROBAST+AI,model_evaluation,applicability_participants,high,Population match to clinical pain-state use; based on PubMed record and PMC full text. NR fields were not imputed.,https://pmc.ncbi.nlm.nih.gov/articles/PMC12307811/,single-pass AI-assisted audit; author sign-off pending
S-10.1038/s41598-025-12476-8,M079-01,PROBAST+AI,model_evaluation,applicability_predictors,low,Availability of the measured predictors in intended use; based on PubMed record and PMC full text. NR fields were not imputed.,https://pmc.ncbi.nlm.nih.gov/articles/PMC12307811/,single-pass AI-assisted audit; author sign-off pending
S-10.1038/s41598-025-12476-8,M079-01,PROBAST+AI,model_evaluation,applicability_outcome,low,Match between modeled target and intended clinical claim; based on PubMed record and PMC full text. NR fields were not imputed.,https://pmc.ncbi.nlm.nih.gov/articles/PMC12307811/,single-pass AI-assisted audit; author sign-off pending
S-10.1038/s41598-024-71278-6,M080-01,PROBAST+AI,model_evaluation,participants_and_data_sources,unclear,Sampling frame and unique participant count; based on PubMed record and PMC full text. NR fields were not imputed.,https://pmc.ncbi.nlm.nih.gov/articles/PMC11369161/,single-pass AI-assisted audit; author sign-off pending
S-10.1038/s41598-024-71278-6,M080-01,PROBAST+AI,model_evaluation,predictors,unclear,Signal acquisition and predictor processing; based on PubMed record and PMC full text. NR fields were not imputed.,https://pmc.ncbi.nlm.nih.gov/articles/PMC11369161/,single-pass AI-assisted audit; author sign-off pending
S-10.1038/s41598-024-71278-6,M080-01,PROBAST+AI,model_evaluation,outcome,low,"Outcome definition, timing, and separation from predictors; based on PubMed record and PMC full text. NR fields were not imputed.",https://pmc.ncbi.nlm.nih.gov/articles/PMC11369161/,single-pass AI-assisted audit; author sign-off pending
S-10.1038/s41598-024-71278-6,M080-01,PROBAST+AI,model_evaluation,analysis,unclear,"Person-level separation, tuning, and performance analysis; based on PubMed record and PMC full text. NR fields were not imputed.",https://pmc.ncbi.nlm.nih.gov/articles/PMC11369161/,single-pass AI-assisted audit; author sign-off pending
S-10.1038/s41598-024-71278-6,M080-01,PROBAST+AI,model_evaluation,applicability_participants,low,Population match to clinical pain-state use; based on PubMed record and PMC full text. NR fields were not imputed.,https://pmc.ncbi.nlm.nih.gov/articles/PMC11369161/,single-pass AI-assisted audit; author sign-off pending
S-10.1038/s41598-024-71278-6,M080-01,PROBAST+AI,model_evaluation,applicability_predictors,low,Availability of the measured predictors in intended use; based on PubMed record and PMC full text. NR fields were not imputed.,https://pmc.ncbi.nlm.nih.gov/articles/PMC11369161/,single-pass AI-assisted audit; author sign-off pending
S-10.1038/s41598-024-71278-6,M080-01,PROBAST+AI,model_evaluation,applicability_outcome,low,Match between modeled target and intended clinical claim; based on PubMed record and PMC full text. NR fields were not imputed.,https://pmc.ncbi.nlm.nih.gov/articles/PMC11369161/,single-pass AI-assisted audit; author sign-off pending
S-10.3390/s21144838,M081-01,PROBAST+AI,model_evaluation,participants_and_data_sources,low,Sampling frame and unique participant count; based on PubMed record and PMC full text. NR fields were not imputed.,https://pmc.ncbi.nlm.nih.gov/articles/PMC8309734/,single-pass AI-assisted audit; author sign-off pending
S-10.3390/s21144838,M081-01,PROBAST+AI,model_evaluation,predictors,unclear,Signal acquisition and predictor processing; based on PubMed record and PMC full text. NR fields were not imputed.,https://pmc.ncbi.nlm.nih.gov/articles/PMC8309734/,single-pass AI-assisted audit; author sign-off pending
S-10.3390/s21144838,M081-01,PROBAST+AI,model_evaluation,outcome,low,"Outcome definition, timing, and separation from predictors; based on PubMed record and PMC full text. NR fields were not imputed.",https://pmc.ncbi.nlm.nih.gov/articles/PMC8309734/,single-pass AI-assisted audit; author sign-off pending
S-10.3390/s21144838,M081-01,PROBAST+AI,model_evaluation,analysis,unclear,"Person-level separation, tuning, and performance analysis; based on PubMed record and PMC full text. NR fields were not imputed.",https://pmc.ncbi.nlm.nih.gov/articles/PMC8309734/,single-pass AI-assisted audit; author sign-off pending
S-10.3390/s21144838,M081-01,PROBAST+AI,model_evaluation,applicability_participants,unclear,Population match to clinical pain-state use; based on PubMed record and PMC full text. NR fields were not imputed.,https://pmc.ncbi.nlm.nih.gov/articles/PMC8309734/,single-pass AI-assisted audit; author sign-off pending
S-10.3390/s21144838,M081-01,PROBAST+AI,model_evaluation,applicability_predictors,unclear,Availability of the measured predictors in intended use; based on PubMed record and PMC full text. NR fields were not imputed.,https://pmc.ncbi.nlm.nih.gov/articles/PMC8309734/,single-pass AI-assisted audit; author sign-off pending
S-10.3390/s21144838,M081-01,PROBAST+AI,model_evaluation,applicability_outcome,low,Match between modeled target and intended clinical claim; based on PubMed record and PMC full text. NR fields were not imputed.,https://pmc.ncbi.nlm.nih.gov/articles/PMC8309734/,single-pass AI-assisted audit; author sign-off pending
S-10.1016/j.pain.2011.11.023,M032-01,validation_transparency,descriptive_transparency,sampling,unclear,Unique participant count and sampling frame; based on curated evidence map and available report. NR fields were not imputed.,https://doi.org/10.1016/j.pain.2011.11.023,single-pass AI-assisted audit; author sign-off pending
S-10.1016/j.pain.2011.11.023,M032-01,validation_transparency,descriptive_transparency,target_definition,clear,"Stimulus, behavior, ECAP, or descriptive target kept distinct from pain self-report; based on curated evidence map and available report. NR fields were not imputed.",https://doi.org/10.1016/j.pain.2011.11.023,single-pass AI-assisted audit; author sign-off pending
S-10.1016/j.pain.2011.11.023,M032-01,validation_transparency,descriptive_transparency,processing_boundary,unclear,Preprocessing and segmentation boundary; based on curated evidence map and available report. NR fields were not imputed.,https://doi.org/10.1016/j.pain.2011.11.023,single-pass AI-assisted audit; author sign-off pending
S-10.1016/j.pain.2011.11.023,M032-01,validation_transparency,descriptive_transparency,validation_design,clear,Unit of separation between development and evaluation data; based on curated evidence map and available report. NR fields were not imputed.,https://doi.org/10.1016/j.pain.2011.11.023,single-pass AI-assisted audit; author sign-off pending
S-10.3390/s26102947,M057-01,PROBAST+AI,model_evaluation,participants_and_data_sources,low,Sampling frame and unique participant count; based on curated evidence map and available report. NR fields were not imputed.,https://pmc.ncbi.nlm.nih.gov/articles/PMC13210414/,single-pass AI-assisted audit; author sign-off pending
S-10.3390/s26102947,M057-01,PROBAST+AI,model_evaluation,predictors,unclear,Signal acquisition and predictor processing; based on curated evidence map and available report. NR fields were not imputed.,https://pmc.ncbi.nlm.nih.gov/articles/PMC13210414/,single-pass AI-assisted audit; author sign-off pending
S-10.3390/s26102947,M057-01,PROBAST+AI,model_evaluation,outcome,low,"Outcome definition, timing, and separation from predictors; based on curated evidence map and available report. NR fields were not imputed.",https://pmc.ncbi.nlm.nih.gov/articles/PMC13210414/,single-pass AI-assisted audit; author sign-off pending
S-10.3390/s26102947,M057-01,PROBAST+AI,model_evaluation,analysis,unclear,"Person-level separation, tuning, and performance analysis; based on curated evidence map and available report. NR fields were not imputed.",https://pmc.ncbi.nlm.nih.gov/articles/PMC13210414/,single-pass AI-assisted audit; author sign-off pending
S-10.3390/s26102947,M057-01,PROBAST+AI,model_evaluation,applicability_participants,unclear,Population match to clinical pain-state use; based on curated evidence map and available report. NR fields were not imputed.,https://pmc.ncbi.nlm.nih.gov/articles/PMC13210414/,single-pass AI-assisted audit; author sign-off pending
S-10.3390/s26102947,M057-01,PROBAST+AI,model_evaluation,applicability_predictors,low,Availability of the measured predictors in intended use; based on curated evidence map and available report. NR fields were not imputed.,https://pmc.ncbi.nlm.nih.gov/articles/PMC13210414/,single-pass AI-assisted audit; author sign-off pending
S-10.3390/s26102947,M057-01,PROBAST+AI,model_evaluation,applicability_outcome,low,Match between modeled target and intended clinical claim; based on curated evidence map and available report. NR fields were not imputed.,https://pmc.ncbi.nlm.nih.gov/articles/PMC13210414/,single-pass AI-assisted audit; author sign-off pending
S-10.1038/s41598-025-02247-w,M082-01,dataset_transparency,descriptive_transparency,sampling,clear,Unique participant count and population description; based on PubMed record and PMC full text. NR fields were not imputed.,https://pmc.ncbi.nlm.nih.gov/articles/PMC12085662/,single-pass AI-assisted audit; author sign-off pending
S-10.1038/s41598-025-02247-w,M082-01,dataset_transparency,descriptive_transparency,labeling,unclear,Target definition and provenance of labels; based on PubMed record and PMC full text. NR fields were not imputed.,https://pmc.ncbi.nlm.nih.gov/articles/PMC12085662/,single-pass AI-assisted audit; author sign-off pending
S-10.1038/s41598-025-02247-w,M082-01,dataset_transparency,descriptive_transparency,processing,unclear,Processing boundary reported in checked source; based on PubMed record and PMC full text. NR fields were not imputed.,https://pmc.ncbi.nlm.nih.gov/articles/PMC12085662/,single-pass AI-assisted audit; author sign-off pending
S-10.1038/s41598-025-02247-w,M082-01,dataset_transparency,descriptive_transparency,validation_and_access,limited,Reuse access and validation information; based on PubMed record and PMC full text. NR fields were not imputed.,https://pmc.ncbi.nlm.nih.gov/articles/PMC12085662/,single-pass AI-assisted audit; author sign-off pending
S-10.1109/bibm47256.2019.8983282,M147-01,PROBAST+AI,model_evaluation,participants_and_data_sources,unclear,Sampling frame and unique participant count; based on PubMed record and PMC full text. NR fields were not imputed.,https://pmc.ncbi.nlm.nih.gov/articles/PMC7423325/,single-pass AI-assisted audit; author sign-off pending
S-10.1109/bibm47256.2019.8983282,M147-01,PROBAST+AI,model_evaluation,predictors,unclear,Signal acquisition and predictor processing; based on PubMed record and PMC full text. NR fields were not imputed.,https://pmc.ncbi.nlm.nih.gov/articles/PMC7423325/,single-pass AI-assisted audit; author sign-off pending
S-10.1109/bibm47256.2019.8983282,M147-01,PROBAST+AI,model_evaluation,outcome,unclear,"Outcome definition, timing, and separation from predictors; based on PubMed record and PMC full text. NR fields were not imputed.",https://pmc.ncbi.nlm.nih.gov/articles/PMC7423325/,single-pass AI-assisted audit; author sign-off pending
S-10.1109/bibm47256.2019.8983282,M147-01,PROBAST+AI,model_evaluation,analysis,unclear,"Person-level separation, tuning, and performance analysis; based on PubMed record and PMC full text. NR fields were not imputed.",https://pmc.ncbi.nlm.nih.gov/articles/PMC7423325/,single-pass AI-assisted audit; author sign-off pending
S-10.1109/bibm47256.2019.8983282,M147-01,PROBAST+AI,model_evaluation,applicability_participants,unclear,Population match to clinical pain-state use; based on PubMed record and PMC full text. NR fields were not imputed.,https://pmc.ncbi.nlm.nih.gov/articles/PMC7423325/,single-pass AI-assisted audit; author sign-off pending
S-10.1109/bibm47256.2019.8983282,M147-01,PROBAST+AI,model_evaluation,applicability_predictors,low,Availability of the measured predictors in intended use; based on PubMed record and PMC full text. NR fields were not imputed.,https://pmc.ncbi.nlm.nih.gov/articles/PMC7423325/,single-pass AI-assisted audit; author sign-off pending
S-10.1109/bibm47256.2019.8983282,M147-01,PROBAST+AI,model_evaluation,applicability_outcome,unclear,Match between modeled target and intended clinical claim; based on PubMed record and PMC full text. NR fields were not imputed.,https://pmc.ncbi.nlm.nih.gov/articles/PMC7423325/,single-pass AI-assisted audit; author sign-off pending
S-10.1136/bmjhci-2024-101283,M083-01,PROBAST+AI,model_evaluation,participants_and_data_sources,low,Sampling frame and unique participant count; based on PubMed record and PMC full text. NR fields were not imputed.,https://pmc.ncbi.nlm.nih.gov/articles/PMC12658508/,single-pass AI-assisted audit; author sign-off pending
S-10.1136/bmjhci-2024-101283,M083-01,PROBAST+AI,model_evaluation,predictors,unclear,Signal acquisition and predictor processing; based on PubMed record and PMC full text. NR fields were not imputed.,https://pmc.ncbi.nlm.nih.gov/articles/PMC12658508/,single-pass AI-assisted audit; author sign-off pending
S-10.1136/bmjhci-2024-101283,M083-01,PROBAST+AI,model_evaluation,outcome,low,"Outcome definition, timing, and separation from predictors; based on PubMed record and PMC full text. NR fields were not imputed.",https://pmc.ncbi.nlm.nih.gov/articles/PMC12658508/,single-pass AI-assisted audit; author sign-off pending
S-10.1136/bmjhci-2024-101283,M083-01,PROBAST+AI,model_evaluation,analysis,unclear,"Person-level separation, tuning, and performance analysis; based on PubMed record and PMC full text. NR fields were not imputed.",https://pmc.ncbi.nlm.nih.gov/articles/PMC12658508/,single-pass AI-assisted audit; author sign-off pending
S-10.1136/bmjhci-2024-101283,M083-01,PROBAST+AI,model_evaluation,applicability_participants,low,Population match to clinical pain-state use; based on PubMed record and PMC full text. NR fields were not imputed.,https://pmc.ncbi.nlm.nih.gov/articles/PMC12658508/,single-pass AI-assisted audit; author sign-off pending
S-10.1136/bmjhci-2024-101283,M083-01,PROBAST+AI,model_evaluation,applicability_predictors,low,Availability of the measured predictors in intended use; based on PubMed record and PMC full text. NR fields were not imputed.,https://pmc.ncbi.nlm.nih.gov/articles/PMC12658508/,single-pass AI-assisted audit; author sign-off pending
S-10.1136/bmjhci-2024-101283,M083-01,PROBAST+AI,model_evaluation,applicability_outcome,low,Match between modeled target and intended clinical claim; based on PubMed record and PMC full text. NR fields were not imputed.,https://pmc.ncbi.nlm.nih.gov/articles/PMC12658508/,single-pass AI-assisted audit; author sign-off pending
S-10.1038/s41597-025-05982-x,M022-01,dataset_transparency,descriptive_transparency,sampling,clear,Unique participant count and population description; based on curated evidence map and available report. NR fields were not imputed.,https://pmc.ncbi.nlm.nih.gov/articles/PMC12559740/,single-pass AI-assisted audit; author sign-off pending
S-10.1038/s41597-025-05982-x,M022-01,dataset_transparency,descriptive_transparency,labeling,clear,Target definition and provenance of labels; based on curated evidence map and available report. NR fields were not imputed.,https://pmc.ncbi.nlm.nih.gov/articles/PMC12559740/,single-pass AI-assisted audit; author sign-off pending
S-10.1038/s41597-025-05982-x,M022-01,dataset_transparency,descriptive_transparency,processing,unclear,Processing boundary reported in checked source; based on curated evidence map and available report. NR fields were not imputed.,https://pmc.ncbi.nlm.nih.gov/articles/PMC12559740/,single-pass AI-assisted audit; author sign-off pending
S-10.1038/s41597-025-05982-x,M022-01,dataset_transparency,descriptive_transparency,validation_and_access,clear,Reuse access and validation information; based on curated evidence map and available report. NR fields were not imputed.,https://pmc.ncbi.nlm.nih.gov/articles/PMC12559740/,single-pass AI-assisted audit; author sign-off pending
S-10.1038/s41598-024-82631-0,M084-01,PROBAST+AI,model_evaluation,participants_and_data_sources,low,Sampling frame and unique participant count; based on PubMed record and PMC full text. NR fields were not imputed.,https://pmc.ncbi.nlm.nih.gov/articles/PMC11682341/,single-pass AI-assisted audit; author sign-off pending
S-10.1038/s41598-024-82631-0,M084-01,PROBAST+AI,model_evaluation,predictors,unclear,Signal acquisition and predictor processing; based on PubMed record and PMC full text. NR fields were not imputed.,https://pmc.ncbi.nlm.nih.gov/articles/PMC11682341/,single-pass AI-assisted audit; author sign-off pending
S-10.1038/s41598-024-82631-0,M084-01,PROBAST+AI,model_evaluation,outcome,low,"Outcome definition, timing, and separation from predictors; based on PubMed record and PMC full text. NR fields were not imputed.",https://pmc.ncbi.nlm.nih.gov/articles/PMC11682341/,single-pass AI-assisted audit; author sign-off pending
S-10.1038/s41598-024-82631-0,M084-01,PROBAST+AI,model_evaluation,analysis,unclear,"Person-level separation, tuning, and performance analysis; based on PubMed record and PMC full text. NR fields were not imputed.",https://pmc.ncbi.nlm.nih.gov/articles/PMC11682341/,single-pass AI-assisted audit; author sign-off pending
S-10.1038/s41598-024-82631-0,M084-01,PROBAST+AI,model_evaluation,applicability_participants,low,Population match to clinical pain-state use; based on PubMed record and PMC full text. NR fields were not imputed.,https://pmc.ncbi.nlm.nih.gov/articles/PMC11682341/,single-pass AI-assisted audit; author sign-off pending
S-10.1038/s41598-024-82631-0,M084-01,PROBAST+AI,model_evaluation,applicability_predictors,low,Availability of the measured predictors in intended use; based on PubMed record and PMC full text. NR fields were not imputed.,https://pmc.ncbi.nlm.nih.gov/articles/PMC11682341/,single-pass AI-assisted audit; author sign-off pending
S-10.1038/s41598-024-82631-0,M084-01,PROBAST+AI,model_evaluation,applicability_outcome,low,Match between modeled target and intended clinical claim; based on PubMed record and PMC full text. NR fields were not imputed.,https://pmc.ncbi.nlm.nih.gov/articles/PMC11682341/,single-pass AI-assisted audit; author sign-off pending
S-10.3389/fncom.2016.00032,M085-01,PROBAST+AI,model_evaluation,participants_and_data_sources,unclear,Sampling frame and unique participant count; based on PubMed record and PMC full text. NR fields were not imputed.,https://pmc.ncbi.nlm.nih.gov/articles/PMC4830829/,single-pass AI-assisted audit; author sign-off pending
S-10.3389/fncom.2016.00032,M085-01,PROBAST+AI,model_evaluation,predictors,unclear,Signal acquisition and predictor processing; based on PubMed record and PMC full text. NR fields were not imputed.,https://pmc.ncbi.nlm.nih.gov/articles/PMC4830829/,single-pass AI-assisted audit; author sign-off pending
S-10.3389/fncom.2016.00032,M085-01,PROBAST+AI,model_evaluation,outcome,low,"Outcome definition, timing, and separation from predictors; based on PubMed record and PMC full text. NR fields were not imputed.",https://pmc.ncbi.nlm.nih.gov/articles/PMC4830829/,single-pass AI-assisted audit; author sign-off pending
S-10.3389/fncom.2016.00032,M085-01,PROBAST+AI,model_evaluation,analysis,unclear,"Person-level separation, tuning, and performance analysis; based on PubMed record and PMC full text. NR fields were not imputed.",https://pmc.ncbi.nlm.nih.gov/articles/PMC4830829/,single-pass AI-assisted audit; author sign-off pending
S-10.3389/fncom.2016.00032,M085-01,PROBAST+AI,model_evaluation,applicability_participants,high,Population match to clinical pain-state use; based on PubMed record and PMC full text. NR fields were not imputed.,https://pmc.ncbi.nlm.nih.gov/articles/PMC4830829/,single-pass AI-assisted audit; author sign-off pending
S-10.3389/fncom.2016.00032,M085-01,PROBAST+AI,model_evaluation,applicability_predictors,low,Availability of the measured predictors in intended use; based on PubMed record and PMC full text. NR fields were not imputed.,https://pmc.ncbi.nlm.nih.gov/articles/PMC4830829/,single-pass AI-assisted audit; author sign-off pending
S-10.3389/fncom.2016.00032,M085-01,PROBAST+AI,model_evaluation,applicability_outcome,low,Match between modeled target and intended clinical claim; based on PubMed record and PMC full text. NR fields were not imputed.,https://pmc.ncbi.nlm.nih.gov/articles/PMC4830829/,single-pass AI-assisted audit; author sign-off pending
S-10.3389/fmed.2022.851690,M086-01,PROBAST+AI,model_evaluation,participants_and_data_sources,low,Sampling frame and unique participant count; based on PubMed record and PMC full text. NR fields were not imputed.,https://pmc.ncbi.nlm.nih.gov/articles/PMC8968070/,single-pass AI-assisted audit; author sign-off pending
S-10.3389/fmed.2022.851690,M086-01,PROBAST+AI,model_evaluation,predictors,unclear,Signal acquisition and predictor processing; based on PubMed record and PMC full text. NR fields were not imputed.,https://pmc.ncbi.nlm.nih.gov/articles/PMC8968070/,single-pass AI-assisted audit; author sign-off pending
S-10.3389/fmed.2022.851690,M086-01,PROBAST+AI,model_evaluation,outcome,unclear,"Outcome definition, timing, and separation from predictors; based on PubMed record and PMC full text. NR fields were not imputed.",https://pmc.ncbi.nlm.nih.gov/articles/PMC8968070/,single-pass AI-assisted audit; author sign-off pending
S-10.3389/fmed.2022.851690,M086-01,PROBAST+AI,model_evaluation,analysis,unclear,"Person-level separation, tuning, and performance analysis; based on PubMed record and PMC full text. NR fields were not imputed.",https://pmc.ncbi.nlm.nih.gov/articles/PMC8968070/,single-pass AI-assisted audit; author sign-off pending
S-10.3389/fmed.2022.851690,M086-01,PROBAST+AI,model_evaluation,applicability_participants,low,Population match to clinical pain-state use; based on PubMed record and PMC full text. NR fields were not imputed.,https://pmc.ncbi.nlm.nih.gov/articles/PMC8968070/,single-pass AI-assisted audit; author sign-off pending
S-10.3389/fmed.2022.851690,M086-01,PROBAST+AI,model_evaluation,applicability_predictors,low,Availability of the measured predictors in intended use; based on PubMed record and PMC full text. NR fields were not imputed.,https://pmc.ncbi.nlm.nih.gov/articles/PMC8968070/,single-pass AI-assisted audit; author sign-off pending
S-10.3389/fmed.2022.851690,M086-01,PROBAST+AI,model_evaluation,applicability_outcome,unclear,Match between modeled target and intended clinical claim; based on PubMed record and PMC full text. NR fields were not imputed.,https://pmc.ncbi.nlm.nih.gov/articles/PMC8968070/,single-pass AI-assisted audit; author sign-off pending
S-10.1097/j.pain.0000000000002900,M087-01,PROBAST+AI,model_evaluation,participants_and_data_sources,low,Sampling frame and unique participant count; based on PubMed record and PMC full text. NR fields were not imputed.,https://pmc.ncbi.nlm.nih.gov/articles/PMC10436358/,single-pass AI-assisted audit; author sign-off pending
S-10.1097/j.pain.0000000000002900,M087-01,PROBAST+AI,model_evaluation,predictors,unclear,Signal acquisition and predictor processing; based on PubMed record and PMC full text. NR fields were not imputed.,https://pmc.ncbi.nlm.nih.gov/articles/PMC10436358/,single-pass AI-assisted audit; author sign-off pending
S-10.1097/j.pain.0000000000002900,M087-01,PROBAST+AI,model_evaluation,outcome,unclear,"Outcome definition, timing, and separation from predictors; based on PubMed record and PMC full text. NR fields were not imputed.",https://pmc.ncbi.nlm.nih.gov/articles/PMC10436358/,single-pass AI-assisted audit; author sign-off pending
S-10.1097/j.pain.0000000000002900,M087-01,PROBAST+AI,model_evaluation,analysis,unclear,"Person-level separation, tuning, and performance analysis; based on PubMed record and PMC full text. NR fields were not imputed.",https://pmc.ncbi.nlm.nih.gov/articles/PMC10436358/,single-pass AI-assisted audit; author sign-off pending
S-10.1097/j.pain.0000000000002900,M087-01,PROBAST+AI,model_evaluation,applicability_participants,low,Population match to clinical pain-state use; based on PubMed record and PMC full text. NR fields were not imputed.,https://pmc.ncbi.nlm.nih.gov/articles/PMC10436358/,single-pass AI-assisted audit; author sign-off pending
S-10.1097/j.pain.0000000000002900,M087-01,PROBAST+AI,model_evaluation,applicability_predictors,low,Availability of the measured predictors in intended use; based on PubMed record and PMC full text. NR fields were not imputed.,https://pmc.ncbi.nlm.nih.gov/articles/PMC10436358/,single-pass AI-assisted audit; author sign-off pending
S-10.1097/j.pain.0000000000002900,M087-01,PROBAST+AI,model_evaluation,applicability_outcome,unclear,Match between modeled target and intended clinical claim; based on PubMed record and PMC full text. NR fields were not imputed.,https://pmc.ncbi.nlm.nih.gov/articles/PMC10436358/,single-pass AI-assisted audit; author sign-off pending
S-10.1109/fg.2018.00044,M021-01,dataset_transparency,descriptive_transparency,sampling,clear,Unique participant count and population description; based on curated evidence map and available report. NR fields were not imputed.,https://doi.org/10.1109/fg.2018.00044,single-pass AI-assisted audit; author sign-off pending
S-10.1109/fg.2018.00044,M021-01,dataset_transparency,descriptive_transparency,labeling,unclear,Target definition and provenance of labels; based on curated evidence map and available report. NR fields were not imputed.,https://doi.org/10.1109/fg.2018.00044,single-pass AI-assisted audit; author sign-off pending
S-10.1109/fg.2018.00044,M021-01,dataset_transparency,descriptive_transparency,processing,unclear,Processing boundary reported in checked source; based on curated evidence map and available report. NR fields were not imputed.,https://doi.org/10.1109/fg.2018.00044,single-pass AI-assisted audit; author sign-off pending
S-10.1109/fg.2018.00044,M021-01,dataset_transparency,descriptive_transparency,validation_and_access,limited,Reuse access and validation information; based on curated evidence map and available report. NR fields were not imputed.,https://doi.org/10.1109/fg.2018.00044,single-pass AI-assisted audit; author sign-off pending
S-10.3389/fneur.2023.1195923,M088-01,PROBAST+AI,model_evaluation,participants_and_data_sources,low,Sampling frame and unique participant count; based on PubMed record and PMC full text. NR fields were not imputed.,https://pmc.ncbi.nlm.nih.gov/articles/PMC10273207/,single-pass AI-assisted audit; author sign-off pending
S-10.3389/fneur.2023.1195923,M088-01,PROBAST+AI,model_evaluation,predictors,unclear,Signal acquisition and predictor processing; based on PubMed record and PMC full text. NR fields were not imputed.,https://pmc.ncbi.nlm.nih.gov/articles/PMC10273207/,single-pass AI-assisted audit; author sign-off pending
S-10.3389/fneur.2023.1195923,M088-01,PROBAST+AI,model_evaluation,outcome,unclear,"Outcome definition, timing, and separation from predictors; based on PubMed record and PMC full text. NR fields were not imputed.",https://pmc.ncbi.nlm.nih.gov/articles/PMC10273207/,single-pass AI-assisted audit; author sign-off pending
S-10.3389/fneur.2023.1195923,M088-01,PROBAST+AI,model_evaluation,analysis,unclear,"Person-level separation, tuning, and performance analysis; based on PubMed record and PMC full text. NR fields were not imputed.",https://pmc.ncbi.nlm.nih.gov/articles/PMC10273207/,single-pass AI-assisted audit; author sign-off pending
S-10.3389/fneur.2023.1195923,M088-01,PROBAST+AI,model_evaluation,applicability_participants,low,Population match to clinical pain-state use; based on PubMed record and PMC full text. NR fields were not imputed.,https://pmc.ncbi.nlm.nih.gov/articles/PMC10273207/,single-pass AI-assisted audit; author sign-off pending
S-10.3389/fneur.2023.1195923,M088-01,PROBAST+AI,model_evaluation,applicability_predictors,low,Availability of the measured predictors in intended use; based on PubMed record and PMC full text. NR fields were not imputed.,https://pmc.ncbi.nlm.nih.gov/articles/PMC10273207/,single-pass AI-assisted audit; author sign-off pending
S-10.3389/fneur.2023.1195923,M088-01,PROBAST+AI,model_evaluation,applicability_outcome,unclear,Match between modeled target and intended clinical claim; based on PubMed record and PMC full text. NR fields were not imputed.,https://pmc.ncbi.nlm.nih.gov/articles/PMC10273207/,single-pass AI-assisted audit; author sign-off pending
S-10.1371/journal.pone.0235545,M089-01,PROBAST+AI,model_evaluation,participants_and_data_sources,unclear,Sampling frame and unique participant count; based on PubMed record and PMC full text. NR fields were not imputed.,https://pmc.ncbi.nlm.nih.gov/articles/PMC7347182/,single-pass AI-assisted audit; author sign-off pending
S-10.1371/journal.pone.0235545,M089-01,PROBAST+AI,model_evaluation,predictors,unclear,Signal acquisition and predictor processing; based on PubMed record and PMC full text. NR fields were not imputed.,https://pmc.ncbi.nlm.nih.gov/articles/PMC7347182/,single-pass AI-assisted audit; author sign-off pending
S-10.1371/journal.pone.0235545,M089-01,PROBAST+AI,model_evaluation,outcome,low,"Outcome definition, timing, and separation from predictors; based on PubMed record and PMC full text. NR fields were not imputed.",https://pmc.ncbi.nlm.nih.gov/articles/PMC7347182/,single-pass AI-assisted audit; author sign-off pending
S-10.1371/journal.pone.0235545,M089-01,PROBAST+AI,model_evaluation,analysis,unclear,"Person-level separation, tuning, and performance analysis; based on PubMed record and PMC full text. NR fields were not imputed.",https://pmc.ncbi.nlm.nih.gov/articles/PMC7347182/,single-pass AI-assisted audit; author sign-off pending
S-10.1371/journal.pone.0235545,M089-01,PROBAST+AI,model_evaluation,applicability_participants,high,Population match to clinical pain-state use; based on PubMed record and PMC full text. NR fields were not imputed.,https://pmc.ncbi.nlm.nih.gov/articles/PMC7347182/,single-pass AI-assisted audit; author sign-off pending
S-10.1371/journal.pone.0235545,M089-01,PROBAST+AI,model_evaluation,applicability_predictors,low,Availability of the measured predictors in intended use; based on PubMed record and PMC full text. NR fields were not imputed.,https://pmc.ncbi.nlm.nih.gov/articles/PMC7347182/,single-pass AI-assisted audit; author sign-off pending
S-10.1371/journal.pone.0235545,M089-01,PROBAST+AI,model_evaluation,applicability_outcome,low,Match between modeled target and intended clinical claim; based on PubMed record and PMC full text. NR fields were not imputed.,https://pmc.ncbi.nlm.nih.gov/articles/PMC7347182/,single-pass AI-assisted audit; author sign-off pending
S-10.1227/neu.0000000000001855,M034-01,PROBAST+AI,model_evaluation,participants_and_data_sources,low,Sampling frame and unique participant count; based on curated evidence map and available report. NR fields were not imputed.,https://pmc.ncbi.nlm.nih.gov/articles/PMC9514733/,single-pass AI-assisted audit; author sign-off pending
S-10.1227/neu.0000000000001855,M034-01,PROBAST+AI,model_evaluation,predictors,unclear,Signal acquisition and predictor processing; based on curated evidence map and available report. NR fields were not imputed.,https://pmc.ncbi.nlm.nih.gov/articles/PMC9514733/,single-pass AI-assisted audit; author sign-off pending
S-10.1227/neu.0000000000001855,M034-01,PROBAST+AI,model_evaluation,outcome,low,"Outcome definition, timing, and separation from predictors; based on curated evidence map and available report. NR fields were not imputed.",https://pmc.ncbi.nlm.nih.gov/articles/PMC9514733/,single-pass AI-assisted audit; author sign-off pending
S-10.1227/neu.0000000000001855,M034-01,PROBAST+AI,model_evaluation,analysis,unclear,"Person-level separation, tuning, and performance analysis; based on curated evidence map and available report. NR fields were not imputed.",https://pmc.ncbi.nlm.nih.gov/articles/PMC9514733/,single-pass AI-assisted audit; author sign-off pending
S-10.1227/neu.0000000000001855,M034-01,PROBAST+AI,model_evaluation,applicability_participants,low,Population match to clinical pain-state use; based on curated evidence map and available report. NR fields were not imputed.,https://pmc.ncbi.nlm.nih.gov/articles/PMC9514733/,single-pass AI-assisted audit; author sign-off pending
S-10.1227/neu.0000000000001855,M034-01,PROBAST+AI,model_evaluation,applicability_predictors,low,Availability of the measured predictors in intended use; based on curated evidence map and available report. NR fields were not imputed.,https://pmc.ncbi.nlm.nih.gov/articles/PMC9514733/,single-pass AI-assisted audit; author sign-off pending
S-10.1227/neu.0000000000001855,M034-01,PROBAST+AI,model_evaluation,applicability_outcome,low,Match between modeled target and intended clinical claim; based on curated evidence map and available report. NR fields were not imputed.,https://pmc.ncbi.nlm.nih.gov/articles/PMC9514733/,single-pass AI-assisted audit; author sign-off pending
S-10.7717/peerj-cs.3158,M090-01,PROBAST+AI,model_evaluation,participants_and_data_sources,unclear,Sampling frame and unique participant count; based on PubMed record and PMC full text. NR fields were not imputed.,https://pmc.ncbi.nlm.nih.gov/articles/PMC12453799/,single-pass AI-assisted audit; author sign-off pending
S-10.7717/peerj-cs.3158,M090-01,PROBAST+AI,model_evaluation,predictors,unclear,Signal acquisition and predictor processing; based on PubMed record and PMC full text. NR fields were not imputed.,https://pmc.ncbi.nlm.nih.gov/articles/PMC12453799/,single-pass AI-assisted audit; author sign-off pending
S-10.7717/peerj-cs.3158,M090-01,PROBAST+AI,model_evaluation,outcome,low,"Outcome definition, timing, and separation from predictors; based on PubMed record and PMC full text. NR fields were not imputed.",https://pmc.ncbi.nlm.nih.gov/articles/PMC12453799/,single-pass AI-assisted audit; author sign-off pending
S-10.7717/peerj-cs.3158,M090-01,PROBAST+AI,model_evaluation,analysis,unclear,"Person-level separation, tuning, and performance analysis; based on PubMed record and PMC full text. NR fields were not imputed.",https://pmc.ncbi.nlm.nih.gov/articles/PMC12453799/,single-pass AI-assisted audit; author sign-off pending
S-10.7717/peerj-cs.3158,M090-01,PROBAST+AI,model_evaluation,applicability_participants,low,Population match to clinical pain-state use; based on PubMed record and PMC full text. NR fields were not imputed.,https://pmc.ncbi.nlm.nih.gov/articles/PMC12453799/,single-pass AI-assisted audit; author sign-off pending
S-10.7717/peerj-cs.3158,M090-01,PROBAST+AI,model_evaluation,applicability_predictors,low,Availability of the measured predictors in intended use; based on PubMed record and PMC full text. NR fields were not imputed.,https://pmc.ncbi.nlm.nih.gov/articles/PMC12453799/,single-pass AI-assisted audit; author sign-off pending
S-10.7717/peerj-cs.3158,M090-01,PROBAST+AI,model_evaluation,applicability_outcome,low,Match between modeled target and intended clinical claim; based on PubMed record and PMC full text. NR fields were not imputed.,https://pmc.ncbi.nlm.nih.gov/articles/PMC12453799/,single-pass AI-assisted audit; author sign-off pending
S-10.1136/rapm-2023-104639,M091-01,validation_transparency,descriptive_transparency,sampling,clear,Unique participant count and sampling frame; based on PubMed record and PMC full text. NR fields were not imputed.,https://pmc.ncbi.nlm.nih.gov/articles/PMC11041592/,single-pass AI-assisted audit; author sign-off pending
S-10.1136/rapm-2023-104639,M091-01,validation_transparency,descriptive_transparency,target_definition,clear,"Stimulus, behavior, ECAP, or descriptive target kept distinct from pain self-report; based on PubMed record and PMC full text. NR fields were not imputed.",https://pmc.ncbi.nlm.nih.gov/articles/PMC11041592/,single-pass AI-assisted audit; author sign-off pending
S-10.1136/rapm-2023-104639,M091-01,validation_transparency,descriptive_transparency,processing_boundary,unclear,Preprocessing and segmentation boundary; based on PubMed record and PMC full text. NR fields were not imputed.,https://pmc.ncbi.nlm.nih.gov/articles/PMC11041592/,single-pass AI-assisted audit; author sign-off pending
S-10.1136/rapm-2023-104639,M091-01,validation_transparency,descriptive_transparency,validation_design,clear,Unit of separation between development and evaluation data; based on PubMed record and PMC full text. NR fields were not imputed.,https://pmc.ncbi.nlm.nih.gov/articles/PMC11041592/,single-pass AI-assisted audit; author sign-off pending
S-10.1093/pm/pnaf058,M092-01,validation_transparency,descriptive_transparency,sampling,clear,Unique participant count and sampling frame; based on PubMed record and PMC full text. NR fields were not imputed.,https://pmc.ncbi.nlm.nih.gov/articles/PMC12585107/,single-pass AI-assisted audit; author sign-off pending
S-10.1093/pm/pnaf058,M092-01,validation_transparency,descriptive_transparency,target_definition,clear,"Stimulus, behavior, ECAP, or descriptive target kept distinct from pain self-report; based on PubMed record and PMC full text. NR fields were not imputed.",https://pmc.ncbi.nlm.nih.gov/articles/PMC12585107/,single-pass AI-assisted audit; author sign-off pending
S-10.1093/pm/pnaf058,M092-01,validation_transparency,descriptive_transparency,processing_boundary,unclear,Preprocessing and segmentation boundary; based on PubMed record and PMC full text. NR fields were not imputed.,https://pmc.ncbi.nlm.nih.gov/articles/PMC12585107/,single-pass AI-assisted audit; author sign-off pending
S-10.1093/pm/pnaf058,M092-01,validation_transparency,descriptive_transparency,validation_design,unclear,Unit of separation between development and evaluation data; based on PubMed record and PMC full text. NR fields were not imputed.,https://pmc.ncbi.nlm.nih.gov/articles/PMC12585107/,single-pass AI-assisted audit; author sign-off pending
S-10.1111/papr.13008,M093-01,validation_transparency,descriptive_transparency,sampling,unclear,Unique participant count and sampling frame; based on PubMed record and PMC full text. NR fields were not imputed.,https://pmc.ncbi.nlm.nih.gov/articles/PMC8359972/,single-pass AI-assisted audit; author sign-off pending
S-10.1111/papr.13008,M093-01,validation_transparency,descriptive_transparency,target_definition,clear,"Stimulus, behavior, ECAP, or descriptive target kept distinct from pain self-report; based on PubMed record and PMC full text. NR fields were not imputed.",https://pmc.ncbi.nlm.nih.gov/articles/PMC8359972/,single-pass AI-assisted audit; author sign-off pending
S-10.1111/papr.13008,M093-01,validation_transparency,descriptive_transparency,processing_boundary,unclear,Preprocessing and segmentation boundary; based on PubMed record and PMC full text. NR fields were not imputed.,https://pmc.ncbi.nlm.nih.gov/articles/PMC8359972/,single-pass AI-assisted audit; author sign-off pending
S-10.1111/papr.13008,M093-01,validation_transparency,descriptive_transparency,validation_design,unclear,Unit of separation between development and evaluation data; based on PubMed record and PMC full text. NR fields were not imputed.,https://pmc.ncbi.nlm.nih.gov/articles/PMC8359972/,single-pass AI-assisted audit; author sign-off pending
S-10.1097/brs.0000000000005445,M094-01,validation_transparency,descriptive_transparency,sampling,clear,Unique participant count and sampling frame; based on PubMed record and PMC full text. NR fields were not imputed.,https://pmc.ncbi.nlm.nih.gov/articles/PMC12594148/,single-pass AI-assisted audit; author sign-off pending
S-10.1097/brs.0000000000005445,M094-01,validation_transparency,descriptive_transparency,target_definition,clear,"Stimulus, behavior, ECAP, or descriptive target kept distinct from pain self-report; based on PubMed record and PMC full text. NR fields were not imputed.",https://pmc.ncbi.nlm.nih.gov/articles/PMC12594148/,single-pass AI-assisted audit; author sign-off pending
S-10.1097/brs.0000000000005445,M094-01,validation_transparency,descriptive_transparency,processing_boundary,unclear,Preprocessing and segmentation boundary; based on PubMed record and PMC full text. NR fields were not imputed.,https://pmc.ncbi.nlm.nih.gov/articles/PMC12594148/,single-pass AI-assisted audit; author sign-off pending
S-10.1097/brs.0000000000005445,M094-01,validation_transparency,descriptive_transparency,validation_design,unclear,Unit of separation between development and evaluation data; based on PubMed record and PMC full text. NR fields were not imputed.,https://pmc.ncbi.nlm.nih.gov/articles/PMC12594148/,single-pass AI-assisted audit; author sign-off pending
S-10.1136/rapm-2023-104751,M095-01,validation_transparency,descriptive_transparency,sampling,unclear,Unique participant count and sampling frame; based on PubMed record and PMC full text. NR fields were not imputed.,https://pmc.ncbi.nlm.nih.gov/articles/PMC11103285/,single-pass AI-assisted audit; author sign-off pending
S-10.1136/rapm-2023-104751,M095-01,validation_transparency,descriptive_transparency,target_definition,clear,"Stimulus, behavior, ECAP, or descriptive target kept distinct from pain self-report; based on PubMed record and PMC full text. NR fields were not imputed.",https://pmc.ncbi.nlm.nih.gov/articles/PMC11103285/,single-pass AI-assisted audit; author sign-off pending
S-10.1136/rapm-2023-104751,M095-01,validation_transparency,descriptive_transparency,processing_boundary,unclear,Preprocessing and segmentation boundary; based on PubMed record and PMC full text. NR fields were not imputed.,https://pmc.ncbi.nlm.nih.gov/articles/PMC11103285/,single-pass AI-assisted audit; author sign-off pending
S-10.1136/rapm-2023-104751,M095-01,validation_transparency,descriptive_transparency,validation_design,unclear,Unit of separation between development and evaluation data; based on PubMed record and PMC full text. NR fields were not imputed.,https://pmc.ncbi.nlm.nih.gov/articles/PMC11103285/,single-pass AI-assisted audit; author sign-off pending
S-10.1016/j.neuroimage.2026.122002,M096-01,PROBAST+AI,model_evaluation,participants_and_data_sources,low,Sampling frame and unique participant count; based on PubMed record and PMC full text. NR fields were not imputed.,https://pmc.ncbi.nlm.nih.gov/articles/PMC13276974/,single-pass AI-assisted audit; author sign-off pending
S-10.1016/j.neuroimage.2026.122002,M096-01,PROBAST+AI,model_evaluation,predictors,unclear,Signal acquisition and predictor processing; based on PubMed record and PMC full text. NR fields were not imputed.,https://pmc.ncbi.nlm.nih.gov/articles/PMC13276974/,single-pass AI-assisted audit; author sign-off pending
S-10.1016/j.neuroimage.2026.122002,M096-01,PROBAST+AI,model_evaluation,outcome,low,"Outcome definition, timing, and separation from predictors; based on PubMed record and PMC full text. NR fields were not imputed.",https://pmc.ncbi.nlm.nih.gov/articles/PMC13276974/,single-pass AI-assisted audit; author sign-off pending
S-10.1016/j.neuroimage.2026.122002,M096-01,PROBAST+AI,model_evaluation,analysis,unclear,"Person-level separation, tuning, and performance analysis; based on PubMed record and PMC full text. NR fields were not imputed.",https://pmc.ncbi.nlm.nih.gov/articles/PMC13276974/,single-pass AI-assisted audit; author sign-off pending
S-10.1016/j.neuroimage.2026.122002,M096-01,PROBAST+AI,model_evaluation,applicability_participants,low,Population match to clinical pain-state use; based on PubMed record and PMC full text. NR fields were not imputed.,https://pmc.ncbi.nlm.nih.gov/articles/PMC13276974/,single-pass AI-assisted audit; author sign-off pending
S-10.1016/j.neuroimage.2026.122002,M096-01,PROBAST+AI,model_evaluation,applicability_predictors,low,Availability of the measured predictors in intended use; based on PubMed record and PMC full text. NR fields were not imputed.,https://pmc.ncbi.nlm.nih.gov/articles/PMC13276974/,single-pass AI-assisted audit; author sign-off pending
S-10.1016/j.neuroimage.2026.122002,M096-01,PROBAST+AI,model_evaluation,applicability_outcome,low,Match between modeled target and intended clinical claim; based on PubMed record and PMC full text. NR fields were not imputed.,https://pmc.ncbi.nlm.nih.gov/articles/PMC13276974/,single-pass AI-assisted audit; author sign-off pending
S-10.2147/jpr.s491574,M097-01,PROBAST+AI,model_evaluation,participants_and_data_sources,unclear,Sampling frame and unique participant count; based on PubMed record and PMC full text. NR fields were not imputed.,https://pmc.ncbi.nlm.nih.gov/articles/PMC11559421/,single-pass AI-assisted audit; author sign-off pending
S-10.2147/jpr.s491574,M097-01,PROBAST+AI,model_evaluation,predictors,unclear,Signal acquisition and predictor processing; based on PubMed record and PMC full text. NR fields were not imputed.,https://pmc.ncbi.nlm.nih.gov/articles/PMC11559421/,single-pass AI-assisted audit; author sign-off pending
S-10.2147/jpr.s491574,M097-01,PROBAST+AI,model_evaluation,outcome,unclear,"Outcome definition, timing, and separation from predictors; based on PubMed record and PMC full text. NR fields were not imputed.",https://pmc.ncbi.nlm.nih.gov/articles/PMC11559421/,single-pass AI-assisted audit; author sign-off pending
S-10.2147/jpr.s491574,M097-01,PROBAST+AI,model_evaluation,analysis,unclear,"Person-level separation, tuning, and performance analysis; based on PubMed record and PMC full text. NR fields were not imputed.",https://pmc.ncbi.nlm.nih.gov/articles/PMC11559421/,single-pass AI-assisted audit; author sign-off pending
S-10.2147/jpr.s491574,M097-01,PROBAST+AI,model_evaluation,applicability_participants,low,Population match to clinical pain-state use; based on PubMed record and PMC full text. NR fields were not imputed.,https://pmc.ncbi.nlm.nih.gov/articles/PMC11559421/,single-pass AI-assisted audit; author sign-off pending
S-10.2147/jpr.s491574,M097-01,PROBAST+AI,model_evaluation,applicability_predictors,low,Availability of the measured predictors in intended use; based on PubMed record and PMC full text. NR fields were not imputed.,https://pmc.ncbi.nlm.nih.gov/articles/PMC11559421/,single-pass AI-assisted audit; author sign-off pending
S-10.2147/jpr.s491574,M097-01,PROBAST+AI,model_evaluation,applicability_outcome,unclear,Match between modeled target and intended clinical claim; based on PubMed record and PMC full text. NR fields were not imputed.,https://pmc.ncbi.nlm.nih.gov/articles/PMC11559421/,single-pass AI-assisted audit; author sign-off pending
S-10.1038/s41598-025-04552-w,M098-01,PROBAST+AI,model_evaluation,participants_and_data_sources,unclear,Sampling frame and unique participant count; based on PubMed record and PMC full text. NR fields were not imputed.,https://pmc.ncbi.nlm.nih.gov/articles/PMC12134349/,single-pass AI-assisted audit; author sign-off pending
S-10.1038/s41598-025-04552-w,M098-01,PROBAST+AI,model_evaluation,predictors,unclear,Signal acquisition and predictor processing; based on PubMed record and PMC full text. NR fields were not imputed.,https://pmc.ncbi.nlm.nih.gov/articles/PMC12134349/,single-pass AI-assisted audit; author sign-off pending
S-10.1038/s41598-025-04552-w,M098-01,PROBAST+AI,model_evaluation,outcome,unclear,"Outcome definition, timing, and separation from predictors; based on PubMed record and PMC full text. NR fields were not imputed.",https://pmc.ncbi.nlm.nih.gov/articles/PMC12134349/,single-pass AI-assisted audit; author sign-off pending
S-10.1038/s41598-025-04552-w,M098-01,PROBAST+AI,model_evaluation,analysis,unclear,"Person-level separation, tuning, and performance analysis; based on PubMed record and PMC full text. NR fields were not imputed.",https://pmc.ncbi.nlm.nih.gov/articles/PMC12134349/,single-pass AI-assisted audit; author sign-off pending
S-10.1038/s41598-025-04552-w,M098-01,PROBAST+AI,model_evaluation,applicability_participants,unclear,Population match to clinical pain-state use; based on PubMed record and PMC full text. NR fields were not imputed.,https://pmc.ncbi.nlm.nih.gov/articles/PMC12134349/,single-pass AI-assisted audit; author sign-off pending
S-10.1038/s41598-025-04552-w,M098-01,PROBAST+AI,model_evaluation,applicability_predictors,low,Availability of the measured predictors in intended use; based on PubMed record and PMC full text. NR fields were not imputed.,https://pmc.ncbi.nlm.nih.gov/articles/PMC12134349/,single-pass AI-assisted audit; author sign-off pending
S-10.1038/s41598-025-04552-w,M098-01,PROBAST+AI,model_evaluation,applicability_outcome,unclear,Match between modeled target and intended clinical claim; based on PubMed record and PMC full text. NR fields were not imputed.,https://pmc.ncbi.nlm.nih.gov/articles/PMC12134349/,single-pass AI-assisted audit; author sign-off pending
S-10.1093/ageing/afaf027,M099-01,validation_transparency,descriptive_transparency,sampling,unclear,Unique participant count and sampling frame; based on PubMed record and PMC full text. NR fields were not imputed.,https://pmc.ncbi.nlm.nih.gov/articles/PMC11836425/,single-pass AI-assisted audit; author sign-off pending
S-10.1093/ageing/afaf027,M099-01,validation_transparency,descriptive_transparency,target_definition,clear,"Stimulus, behavior, ECAP, or descriptive target kept distinct from pain self-report; based on PubMed record and PMC full text. NR fields were not imputed.",https://pmc.ncbi.nlm.nih.gov/articles/PMC11836425/,single-pass AI-assisted audit; author sign-off pending
S-10.1093/ageing/afaf027,M099-01,validation_transparency,descriptive_transparency,processing_boundary,unclear,Preprocessing and segmentation boundary; based on PubMed record and PMC full text. NR fields were not imputed.,https://pmc.ncbi.nlm.nih.gov/articles/PMC11836425/,single-pass AI-assisted audit; author sign-off pending
S-10.1093/ageing/afaf027,M099-01,validation_transparency,descriptive_transparency,validation_design,unclear,Unit of separation between development and evaluation data; based on PubMed record and PMC full text. NR fields were not imputed.,https://pmc.ncbi.nlm.nih.gov/articles/PMC11836425/,single-pass AI-assisted audit; author sign-off pending
S-10.1088/1741-2552/aceca4,M048-01,validation_transparency,descriptive_transparency,sampling,clear,Unique participant count and sampling frame; based on curated evidence map and available report. NR fields were not imputed.,https://doi.org/10.1088/1741-2552/aceca4,single-pass AI-assisted audit; author sign-off pending
S-10.1088/1741-2552/aceca4,M048-01,validation_transparency,descriptive_transparency,target_definition,clear,"Stimulus, behavior, ECAP, or descriptive target kept distinct from pain self-report; based on curated evidence map and available report. NR fields were not imputed.",https://doi.org/10.1088/1741-2552/aceca4,single-pass AI-assisted audit; author sign-off pending
S-10.1088/1741-2552/aceca4,M048-01,validation_transparency,descriptive_transparency,processing_boundary,unclear,Preprocessing and segmentation boundary; based on curated evidence map and available report. NR fields were not imputed.,https://doi.org/10.1088/1741-2552/aceca4,single-pass AI-assisted audit; author sign-off pending
S-10.1088/1741-2552/aceca4,M048-01,validation_transparency,descriptive_transparency,validation_design,clear,Unit of separation between development and evaluation data; based on curated evidence map and available report. NR fields were not imputed.,https://doi.org/10.1088/1741-2552/aceca4,single-pass AI-assisted audit; author sign-off pending
S-10.3390/s23083980,M100-01,PROBAST+AI,model_evaluation,participants_and_data_sources,unclear,Sampling frame and unique participant count; based on PubMed record and PMC full text. NR fields were not imputed.,https://pmc.ncbi.nlm.nih.gov/articles/PMC10143826/,single-pass AI-assisted audit; author sign-off pending
S-10.3390/s23083980,M100-01,PROBAST+AI,model_evaluation,predictors,unclear,Signal acquisition and predictor processing; based on PubMed record and PMC full text. NR fields were not imputed.,https://pmc.ncbi.nlm.nih.gov/articles/PMC10143826/,single-pass AI-assisted audit; author sign-off pending
S-10.3390/s23083980,M100-01,PROBAST+AI,model_evaluation,outcome,low,"Outcome definition, timing, and separation from predictors; based on PubMed record and PMC full text. NR fields were not imputed.",https://pmc.ncbi.nlm.nih.gov/articles/PMC10143826/,single-pass AI-assisted audit; author sign-off pending
S-10.3390/s23083980,M100-01,PROBAST+AI,model_evaluation,analysis,unclear,"Person-level separation, tuning, and performance analysis; based on PubMed record and PMC full text. NR fields were not imputed.",https://pmc.ncbi.nlm.nih.gov/articles/PMC10143826/,single-pass AI-assisted audit; author sign-off pending
S-10.3390/s23083980,M100-01,PROBAST+AI,model_evaluation,applicability_participants,high,Population match to clinical pain-state use; based on PubMed record and PMC full text. NR fields were not imputed.,https://pmc.ncbi.nlm.nih.gov/articles/PMC10143826/,single-pass AI-assisted audit; author sign-off pending
S-10.3390/s23083980,M100-01,PROBAST+AI,model_evaluation,applicability_predictors,low,Availability of the measured predictors in intended use; based on PubMed record and PMC full text. NR fields were not imputed.,https://pmc.ncbi.nlm.nih.gov/articles/PMC10143826/,single-pass AI-assisted audit; author sign-off pending
S-10.3390/s23083980,M100-01,PROBAST+AI,model_evaluation,applicability_outcome,low,Match between modeled target and intended clinical claim; based on PubMed record and PMC full text. NR fields were not imputed.,https://pmc.ncbi.nlm.nih.gov/articles/PMC10143826/,single-pass AI-assisted audit; author sign-off pending
S-10.3389/fnins.2022.831627,M101-01,PROBAST+AI,model_evaluation,participants_and_data_sources,unclear,Sampling frame and unique participant count; based on PubMed record and PMC full text. NR fields were not imputed.,https://pmc.ncbi.nlm.nih.gov/articles/PMC8874020/,single-pass AI-assisted audit; author sign-off pending
S-10.3389/fnins.2022.831627,M101-01,PROBAST+AI,model_evaluation,predictors,unclear,Signal acquisition and predictor processing; based on PubMed record and PMC full text. NR fields were not imputed.,https://pmc.ncbi.nlm.nih.gov/articles/PMC8874020/,single-pass AI-assisted audit; author sign-off pending
S-10.3389/fnins.2022.831627,M101-01,PROBAST+AI,model_evaluation,outcome,low,"Outcome definition, timing, and separation from predictors; based on PubMed record and PMC full text. NR fields were not imputed.",https://pmc.ncbi.nlm.nih.gov/articles/PMC8874020/,single-pass AI-assisted audit; author sign-off pending
S-10.3389/fnins.2022.831627,M101-01,PROBAST+AI,model_evaluation,analysis,unclear,"Person-level separation, tuning, and performance analysis; based on PubMed record and PMC full text. NR fields were not imputed.",https://pmc.ncbi.nlm.nih.gov/articles/PMC8874020/,single-pass AI-assisted audit; author sign-off pending
S-10.3389/fnins.2022.831627,M101-01,PROBAST+AI,model_evaluation,applicability_participants,high,Population match to clinical pain-state use; based on PubMed record and PMC full text. NR fields were not imputed.,https://pmc.ncbi.nlm.nih.gov/articles/PMC8874020/,single-pass AI-assisted audit; author sign-off pending
S-10.3389/fnins.2022.831627,M101-01,PROBAST+AI,model_evaluation,applicability_predictors,low,Availability of the measured predictors in intended use; based on PubMed record and PMC full text. NR fields were not imputed.,https://pmc.ncbi.nlm.nih.gov/articles/PMC8874020/,single-pass AI-assisted audit; author sign-off pending
S-10.3389/fnins.2022.831627,M101-01,PROBAST+AI,model_evaluation,applicability_outcome,low,Match between modeled target and intended clinical claim; based on PubMed record and PMC full text. NR fields were not imputed.,https://pmc.ncbi.nlm.nih.gov/articles/PMC8874020/,single-pass AI-assisted audit; author sign-off pending
S-10.1088/2057-1976/ae34b4,M060-01,validation_transparency,descriptive_transparency,sampling,clear,Unique participant count and sampling frame; based on curated evidence map and available report. NR fields were not imputed.,https://doi.org/10.1088/2057-1976/ae34b4,single-pass AI-assisted audit; author sign-off pending
S-10.1088/2057-1976/ae34b4,M060-01,validation_transparency,descriptive_transparency,target_definition,clear,"Stimulus, behavior, ECAP, or descriptive target kept distinct from pain self-report; based on curated evidence map and available report. NR fields were not imputed.",https://doi.org/10.1088/2057-1976/ae34b4,single-pass AI-assisted audit; author sign-off pending
S-10.1088/2057-1976/ae34b4,M060-01,validation_transparency,descriptive_transparency,processing_boundary,unclear,Preprocessing and segmentation boundary; based on curated evidence map and available report. NR fields were not imputed.,https://doi.org/10.1088/2057-1976/ae34b4,single-pass AI-assisted audit; author sign-off pending
S-10.1088/2057-1976/ae34b4,M060-01,validation_transparency,descriptive_transparency,validation_design,clear,Unit of separation between development and evaluation data; based on curated evidence map and available report. NR fields were not imputed.,https://doi.org/10.1088/2057-1976/ae34b4,single-pass AI-assisted audit; author sign-off pending
S-10.3390/s23041959,M102-01,PROBAST+AI,model_evaluation,participants_and_data_sources,unclear,Sampling frame and unique participant count; based on PubMed record and PMC full text. NR fields were not imputed.,https://pmc.ncbi.nlm.nih.gov/articles/PMC9960387/,single-pass AI-assisted audit; author sign-off pending
S-10.3390/s23041959,M102-01,PROBAST+AI,model_evaluation,predictors,unclear,Signal acquisition and predictor processing; based on PubMed record and PMC full text. NR fields were not imputed.,https://pmc.ncbi.nlm.nih.gov/articles/PMC9960387/,single-pass AI-assisted audit; author sign-off pending
S-10.3390/s23041959,M102-01,PROBAST+AI,model_evaluation,outcome,unclear,"Outcome definition, timing, and separation from predictors; based on PubMed record and PMC full text. NR fields were not imputed.",https://pmc.ncbi.nlm.nih.gov/articles/PMC9960387/,single-pass AI-assisted audit; author sign-off pending
S-10.3390/s23041959,M102-01,PROBAST+AI,model_evaluation,analysis,unclear,"Person-level separation, tuning, and performance analysis; based on PubMed record and PMC full text. NR fields were not imputed.",https://pmc.ncbi.nlm.nih.gov/articles/PMC9960387/,single-pass AI-assisted audit; author sign-off pending
S-10.3390/s23041959,M102-01,PROBAST+AI,model_evaluation,applicability_participants,unclear,Population match to clinical pain-state use; based on PubMed record and PMC full text. NR fields were not imputed.,https://pmc.ncbi.nlm.nih.gov/articles/PMC9960387/,single-pass AI-assisted audit; author sign-off pending
S-10.3390/s23041959,M102-01,PROBAST+AI,model_evaluation,applicability_predictors,low,Availability of the measured predictors in intended use; based on PubMed record and PMC full text. NR fields were not imputed.,https://pmc.ncbi.nlm.nih.gov/articles/PMC9960387/,single-pass AI-assisted audit; author sign-off pending
S-10.3390/s23041959,M102-01,PROBAST+AI,model_evaluation,applicability_outcome,unclear,Match between modeled target and intended clinical claim; based on PubMed record and PMC full text. NR fields were not imputed.,https://pmc.ncbi.nlm.nih.gov/articles/PMC9960387/,single-pass AI-assisted audit; author sign-off pending
S-10.1371/journal.pone.0254108,M027-01,PROBAST+AI,model_evaluation,participants_and_data_sources,low,Sampling frame and unique participant count; based on curated evidence map and available report. NR fields were not imputed.,https://pmc.ncbi.nlm.nih.gov/articles/PMC8270203/,single-pass AI-assisted audit; author sign-off pending
S-10.1371/journal.pone.0254108,M027-01,PROBAST+AI,model_evaluation,predictors,unclear,Signal acquisition and predictor processing; based on curated evidence map and available report. NR fields were not imputed.,https://pmc.ncbi.nlm.nih.gov/articles/PMC8270203/,single-pass AI-assisted audit; author sign-off pending
S-10.1371/journal.pone.0254108,M027-01,PROBAST+AI,model_evaluation,outcome,low,"Outcome definition, timing, and separation from predictors; based on curated evidence map and available report. NR fields were not imputed.",https://pmc.ncbi.nlm.nih.gov/articles/PMC8270203/,single-pass AI-assisted audit; author sign-off pending
S-10.1371/journal.pone.0254108,M027-01,PROBAST+AI,model_evaluation,analysis,unclear,"Person-level separation, tuning, and performance analysis; based on curated evidence map and available report. NR fields were not imputed.",https://pmc.ncbi.nlm.nih.gov/articles/PMC8270203/,single-pass AI-assisted audit; author sign-off pending
S-10.1371/journal.pone.0254108,M027-01,PROBAST+AI,model_evaluation,applicability_participants,unclear,Population match to clinical pain-state use; based on curated evidence map and available report. NR fields were not imputed.,https://pmc.ncbi.nlm.nih.gov/articles/PMC8270203/,single-pass AI-assisted audit; author sign-off pending
S-10.1371/journal.pone.0254108,M027-01,PROBAST+AI,model_evaluation,applicability_predictors,low,Availability of the measured predictors in intended use; based on curated evidence map and available report. NR fields were not imputed.,https://pmc.ncbi.nlm.nih.gov/articles/PMC8270203/,single-pass AI-assisted audit; author sign-off pending
S-10.1371/journal.pone.0254108,M027-01,PROBAST+AI,model_evaluation,applicability_outcome,low,Match between modeled target and intended clinical claim; based on curated evidence map and available report. NR fields were not imputed.,https://pmc.ncbi.nlm.nih.gov/articles/PMC8270203/,single-pass AI-assisted audit; author sign-off pending
S-10.3390/s19204503,M103-01,PROBAST+AI,model_evaluation,participants_and_data_sources,unclear,Sampling frame and unique participant count; based on PubMed record and PMC full text. NR fields were not imputed.,https://pmc.ncbi.nlm.nih.gov/articles/PMC6833075/,single-pass AI-assisted audit; author sign-off pending
S-10.3390/s19204503,M103-01,PROBAST+AI,model_evaluation,predictors,unclear,Signal acquisition and predictor processing; based on PubMed record and PMC full text. NR fields were not imputed.,https://pmc.ncbi.nlm.nih.gov/articles/PMC6833075/,single-pass AI-assisted audit; author sign-off pending
S-10.3390/s19204503,M103-01,PROBAST+AI,model_evaluation,outcome,unclear,"Outcome definition, timing, and separation from predictors; based on PubMed record and PMC full text. NR fields were not imputed.",https://pmc.ncbi.nlm.nih.gov/articles/PMC6833075/,single-pass AI-assisted audit; author sign-off pending
S-10.3390/s19204503,M103-01,PROBAST+AI,model_evaluation,analysis,unclear,"Person-level separation, tuning, and performance analysis; based on PubMed record and PMC full text. NR fields were not imputed.",https://pmc.ncbi.nlm.nih.gov/articles/PMC6833075/,single-pass AI-assisted audit; author sign-off pending
S-10.3390/s19204503,M103-01,PROBAST+AI,model_evaluation,applicability_participants,high,Population match to clinical pain-state use; based on PubMed record and PMC full text. NR fields were not imputed.,https://pmc.ncbi.nlm.nih.gov/articles/PMC6833075/,single-pass AI-assisted audit; author sign-off pending
S-10.3390/s19204503,M103-01,PROBAST+AI,model_evaluation,applicability_predictors,low,Availability of the measured predictors in intended use; based on PubMed record and PMC full text. NR fields were not imputed.,https://pmc.ncbi.nlm.nih.gov/articles/PMC6833075/,single-pass AI-assisted audit; author sign-off pending
S-10.3390/s19204503,M103-01,PROBAST+AI,model_evaluation,applicability_outcome,unclear,Match between modeled target and intended clinical claim; based on PubMed record and PMC full text. NR fields were not imputed.,https://pmc.ncbi.nlm.nih.gov/articles/PMC6833075/,single-pass AI-assisted audit; author sign-off pending
S-10.1016/j.jpain.2026.106416,M054-01,PROBAST+AI,model_evaluation,participants_and_data_sources,low,Sampling frame and unique participant count; based on curated evidence map and available report. NR fields were not imputed.,https://doi.org/10.1016/j.jpain.2026.106416,single-pass AI-assisted audit; author sign-off pending
S-10.1016/j.jpain.2026.106416,M054-01,PROBAST+AI,model_evaluation,predictors,unclear,Signal acquisition and predictor processing; based on curated evidence map and available report. NR fields were not imputed.,https://doi.org/10.1016/j.jpain.2026.106416,single-pass AI-assisted audit; author sign-off pending
S-10.1016/j.jpain.2026.106416,M054-01,PROBAST+AI,model_evaluation,outcome,low,"Outcome definition, timing, and separation from predictors; based on curated evidence map and available report. NR fields were not imputed.",https://doi.org/10.1016/j.jpain.2026.106416,single-pass AI-assisted audit; author sign-off pending
S-10.1016/j.jpain.2026.106416,M054-01,PROBAST+AI,model_evaluation,analysis,unclear,"Person-level separation, tuning, and performance analysis; based on curated evidence map and available report. NR fields were not imputed.",https://doi.org/10.1016/j.jpain.2026.106416,single-pass AI-assisted audit; author sign-off pending
S-10.1016/j.jpain.2026.106416,M054-01,PROBAST+AI,model_evaluation,applicability_participants,unclear,Population match to clinical pain-state use; based on curated evidence map and available report. NR fields were not imputed.,https://doi.org/10.1016/j.jpain.2026.106416,single-pass AI-assisted audit; author sign-off pending
S-10.1016/j.jpain.2026.106416,M054-01,PROBAST+AI,model_evaluation,applicability_predictors,low,Availability of the measured predictors in intended use; based on curated evidence map and available report. NR fields were not imputed.,https://doi.org/10.1016/j.jpain.2026.106416,single-pass AI-assisted audit; author sign-off pending
S-10.1016/j.jpain.2026.106416,M054-01,PROBAST+AI,model_evaluation,applicability_outcome,low,Match between modeled target and intended clinical claim; based on curated evidence map and available report. NR fields were not imputed.,https://doi.org/10.1016/j.jpain.2026.106416,single-pass AI-assisted audit; author sign-off pending
S-10.3389/fpain.2022.827551,M104-01,validation_transparency,descriptive_transparency,sampling,clear,Unique participant count and sampling frame; based on PubMed record and PMC full text. NR fields were not imputed.,https://pmc.ncbi.nlm.nih.gov/articles/PMC8915628/,single-pass AI-assisted audit; author sign-off pending
S-10.3389/fpain.2022.827551,M104-01,validation_transparency,descriptive_transparency,target_definition,clear,"Stimulus, behavior, ECAP, or descriptive target kept distinct from pain self-report; based on PubMed record and PMC full text. NR fields were not imputed.",https://pmc.ncbi.nlm.nih.gov/articles/PMC8915628/,single-pass AI-assisted audit; author sign-off pending
S-10.3389/fpain.2022.827551,M104-01,validation_transparency,descriptive_transparency,processing_boundary,unclear,Preprocessing and segmentation boundary; based on PubMed record and PMC full text. NR fields were not imputed.,https://pmc.ncbi.nlm.nih.gov/articles/PMC8915628/,single-pass AI-assisted audit; author sign-off pending
S-10.3389/fpain.2022.827551,M104-01,validation_transparency,descriptive_transparency,validation_design,unclear,Unit of separation between development and evaluation data; based on PubMed record and PMC full text. NR fields were not imputed.,https://pmc.ncbi.nlm.nih.gov/articles/PMC8915628/,single-pass AI-assisted audit; author sign-off pending
S-10.2147/jmdh.s531709,M105-01,PROBAST+AI,model_evaluation,participants_and_data_sources,unclear,Sampling frame and unique participant count; based on PubMed record and PMC full text. NR fields were not imputed.,https://pmc.ncbi.nlm.nih.gov/articles/PMC12442815/,single-pass AI-assisted audit; author sign-off pending
S-10.2147/jmdh.s531709,M105-01,PROBAST+AI,model_evaluation,predictors,unclear,Signal acquisition and predictor processing; based on PubMed record and PMC full text. NR fields were not imputed.,https://pmc.ncbi.nlm.nih.gov/articles/PMC12442815/,single-pass AI-assisted audit; author sign-off pending
S-10.2147/jmdh.s531709,M105-01,PROBAST+AI,model_evaluation,outcome,low,"Outcome definition, timing, and separation from predictors; based on PubMed record and PMC full text. NR fields were not imputed.",https://pmc.ncbi.nlm.nih.gov/articles/PMC12442815/,single-pass AI-assisted audit; author sign-off pending
S-10.2147/jmdh.s531709,M105-01,PROBAST+AI,model_evaluation,analysis,unclear,"Person-level separation, tuning, and performance analysis; based on PubMed record and PMC full text. NR fields were not imputed.",https://pmc.ncbi.nlm.nih.gov/articles/PMC12442815/,single-pass AI-assisted audit; author sign-off pending
S-10.2147/jmdh.s531709,M105-01,PROBAST+AI,model_evaluation,applicability_participants,low,Population match to clinical pain-state use; based on PubMed record and PMC full text. NR fields were not imputed.,https://pmc.ncbi.nlm.nih.gov/articles/PMC12442815/,single-pass AI-assisted audit; author sign-off pending
S-10.2147/jmdh.s531709,M105-01,PROBAST+AI,model_evaluation,applicability_predictors,low,Availability of the measured predictors in intended use; based on PubMed record and PMC full text. NR fields were not imputed.,https://pmc.ncbi.nlm.nih.gov/articles/PMC12442815/,single-pass AI-assisted audit; author sign-off pending
S-10.2147/jmdh.s531709,M105-01,PROBAST+AI,model_evaluation,applicability_outcome,low,Match between modeled target and intended clinical claim; based on PubMed record and PMC full text. NR fields were not imputed.,https://pmc.ncbi.nlm.nih.gov/articles/PMC12442815/,single-pass AI-assisted audit; author sign-off pending
S-10.3389/fnins.2019.00437,M106-01,PROBAST+AI,model_evaluation,participants_and_data_sources,low,Sampling frame and unique participant count; based on PubMed record and PMC full text. NR fields were not imputed.,https://pmc.ncbi.nlm.nih.gov/articles/PMC6513974/,single-pass AI-assisted audit; author sign-off pending
S-10.3389/fnins.2019.00437,M106-01,PROBAST+AI,model_evaluation,predictors,unclear,Signal acquisition and predictor processing; based on PubMed record and PMC full text. NR fields were not imputed.,https://pmc.ncbi.nlm.nih.gov/articles/PMC6513974/,single-pass AI-assisted audit; author sign-off pending
S-10.3389/fnins.2019.00437,M106-01,PROBAST+AI,model_evaluation,outcome,unclear,"Outcome definition, timing, and separation from predictors; based on PubMed record and PMC full text. NR fields were not imputed.",https://pmc.ncbi.nlm.nih.gov/articles/PMC6513974/,single-pass AI-assisted audit; author sign-off pending
S-10.3389/fnins.2019.00437,M106-01,PROBAST+AI,model_evaluation,analysis,unclear,"Person-level separation, tuning, and performance analysis; based on PubMed record and PMC full text. NR fields were not imputed.",https://pmc.ncbi.nlm.nih.gov/articles/PMC6513974/,single-pass AI-assisted audit; author sign-off pending
S-10.3389/fnins.2019.00437,M106-01,PROBAST+AI,model_evaluation,applicability_participants,unclear,Population match to clinical pain-state use; based on PubMed record and PMC full text. NR fields were not imputed.,https://pmc.ncbi.nlm.nih.gov/articles/PMC6513974/,single-pass AI-assisted audit; author sign-off pending
S-10.3389/fnins.2019.00437,M106-01,PROBAST+AI,model_evaluation,applicability_predictors,low,Availability of the measured predictors in intended use; based on PubMed record and PMC full text. NR fields were not imputed.,https://pmc.ncbi.nlm.nih.gov/articles/PMC6513974/,single-pass AI-assisted audit; author sign-off pending
S-10.3389/fnins.2019.00437,M106-01,PROBAST+AI,model_evaluation,applicability_outcome,unclear,Match between modeled target and intended clinical claim; based on PubMed record and PMC full text. NR fields were not imputed.,https://pmc.ncbi.nlm.nih.gov/articles/PMC6513974/,single-pass AI-assisted audit; author sign-off pending
S-10.1136/rapm-2024-105346,M051-01,validation_transparency,descriptive_transparency,sampling,unclear,Unique participant count and sampling frame; based on curated evidence map and available report. NR fields were not imputed.,https://pmc.ncbi.nlm.nih.gov/articles/PMC12015077/,single-pass AI-assisted audit; author sign-off pending
S-10.1136/rapm-2024-105346,M051-01,validation_transparency,descriptive_transparency,target_definition,unclear,"Stimulus, behavior, ECAP, or descriptive target kept distinct from pain self-report; based on curated evidence map and available report. NR fields were not imputed.",https://pmc.ncbi.nlm.nih.gov/articles/PMC12015077/,single-pass AI-assisted audit; author sign-off pending
S-10.1136/rapm-2024-105346,M051-01,validation_transparency,descriptive_transparency,processing_boundary,unclear,Preprocessing and segmentation boundary; based on curated evidence map and available report. NR fields were not imputed.,https://pmc.ncbi.nlm.nih.gov/articles/PMC12015077/,single-pass AI-assisted audit; author sign-off pending
S-10.1136/rapm-2024-105346,M051-01,validation_transparency,descriptive_transparency,validation_design,clear,Unit of separation between development and evaluation data; based on curated evidence map and available report. NR fields were not imputed.,https://pmc.ncbi.nlm.nih.gov/articles/PMC12015077/,single-pass AI-assisted audit; author sign-off pending
S-10.1038/s41593-023-01338-z,M031-01,PROBAST+AI,model_evaluation,participants_and_data_sources,low,Sampling frame and unique participant count; based on curated evidence map and available report. NR fields were not imputed.,https://pmc.ncbi.nlm.nih.gov/articles/PMC10330878/,single-pass AI-assisted audit; author sign-off pending
S-10.1038/s41593-023-01338-z,M031-01,PROBAST+AI,model_evaluation,predictors,unclear,Signal acquisition and predictor processing; based on curated evidence map and available report. NR fields were not imputed.,https://pmc.ncbi.nlm.nih.gov/articles/PMC10330878/,single-pass AI-assisted audit; author sign-off pending
S-10.1038/s41593-023-01338-z,M031-01,PROBAST+AI,model_evaluation,outcome,unclear,"Outcome definition, timing, and separation from predictors; based on curated evidence map and available report. NR fields were not imputed.",https://pmc.ncbi.nlm.nih.gov/articles/PMC10330878/,single-pass AI-assisted audit; author sign-off pending
S-10.1038/s41593-023-01338-z,M031-01,PROBAST+AI,model_evaluation,analysis,unclear,"Person-level separation, tuning, and performance analysis; based on curated evidence map and available report. NR fields were not imputed.",https://pmc.ncbi.nlm.nih.gov/articles/PMC10330878/,single-pass AI-assisted audit; author sign-off pending
S-10.1038/s41593-023-01338-z,M031-01,PROBAST+AI,model_evaluation,applicability_participants,unclear,Population match to clinical pain-state use; based on curated evidence map and available report. NR fields were not imputed.,https://pmc.ncbi.nlm.nih.gov/articles/PMC10330878/,single-pass AI-assisted audit; author sign-off pending
S-10.1038/s41593-023-01338-z,M031-01,PROBAST+AI,model_evaluation,applicability_predictors,low,Availability of the measured predictors in intended use; based on curated evidence map and available report. NR fields were not imputed.,https://pmc.ncbi.nlm.nih.gov/articles/PMC10330878/,single-pass AI-assisted audit; author sign-off pending
S-10.1038/s41593-023-01338-z,M031-01,PROBAST+AI,model_evaluation,applicability_outcome,unclear,Match between modeled target and intended clinical claim; based on curated evidence map and available report. NR fields were not imputed.,https://pmc.ncbi.nlm.nih.gov/articles/PMC10330878/,single-pass AI-assisted audit; author sign-off pending
S-10.3390/bioengineering9120804,M107-01,PROBAST+AI,model_evaluation,participants_and_data_sources,unclear,Sampling frame and unique participant count; based on PubMed record and PMC full text. NR fields were not imputed.,https://pmc.ncbi.nlm.nih.gov/articles/PMC9774603/,single-pass AI-assisted audit; author sign-off pending
S-10.3390/bioengineering9120804,M107-01,PROBAST+AI,model_evaluation,predictors,unclear,Signal acquisition and predictor processing; based on PubMed record and PMC full text. NR fields were not imputed.,https://pmc.ncbi.nlm.nih.gov/articles/PMC9774603/,single-pass AI-assisted audit; author sign-off pending
S-10.3390/bioengineering9120804,M107-01,PROBAST+AI,model_evaluation,outcome,unclear,"Outcome definition, timing, and separation from predictors; based on PubMed record and PMC full text. NR fields were not imputed.",https://pmc.ncbi.nlm.nih.gov/articles/PMC9774603/,single-pass AI-assisted audit; author sign-off pending
S-10.3390/bioengineering9120804,M107-01,PROBAST+AI,model_evaluation,analysis,unclear,"Person-level separation, tuning, and performance analysis; based on PubMed record and PMC full text. NR fields were not imputed.",https://pmc.ncbi.nlm.nih.gov/articles/PMC9774603/,single-pass AI-assisted audit; author sign-off pending
S-10.3390/bioengineering9120804,M107-01,PROBAST+AI,model_evaluation,applicability_participants,high,Population match to clinical pain-state use; based on PubMed record and PMC full text. NR fields were not imputed.,https://pmc.ncbi.nlm.nih.gov/articles/PMC9774603/,single-pass AI-assisted audit; author sign-off pending
S-10.3390/bioengineering9120804,M107-01,PROBAST+AI,model_evaluation,applicability_predictors,low,Availability of the measured predictors in intended use; based on PubMed record and PMC full text. NR fields were not imputed.,https://pmc.ncbi.nlm.nih.gov/articles/PMC9774603/,single-pass AI-assisted audit; author sign-off pending
S-10.3390/bioengineering9120804,M107-01,PROBAST+AI,model_evaluation,applicability_outcome,unclear,Match between modeled target and intended clinical claim; based on PubMed record and PMC full text. NR fields were not imputed.,https://pmc.ncbi.nlm.nih.gov/articles/PMC9774603/,single-pass AI-assisted audit; author sign-off pending
S-10.2196/36998,M108-01,PROBAST+AI,model_evaluation,participants_and_data_sources,low,Sampling frame and unique participant count; based on PubMed record and PMC full text. NR fields were not imputed.,https://pmc.ncbi.nlm.nih.gov/articles/PMC9264122/,single-pass AI-assisted audit; author sign-off pending
S-10.2196/36998,M108-01,PROBAST+AI,model_evaluation,predictors,unclear,Signal acquisition and predictor processing; based on PubMed record and PMC full text. NR fields were not imputed.,https://pmc.ncbi.nlm.nih.gov/articles/PMC9264122/,single-pass AI-assisted audit; author sign-off pending
S-10.2196/36998,M108-01,PROBAST+AI,model_evaluation,outcome,low,"Outcome definition, timing, and separation from predictors; based on PubMed record and PMC full text. NR fields were not imputed.",https://pmc.ncbi.nlm.nih.gov/articles/PMC9264122/,single-pass AI-assisted audit; author sign-off pending
S-10.2196/36998,M108-01,PROBAST+AI,model_evaluation,analysis,unclear,"Person-level separation, tuning, and performance analysis; based on PubMed record and PMC full text. NR fields were not imputed.",https://pmc.ncbi.nlm.nih.gov/articles/PMC9264122/,single-pass AI-assisted audit; author sign-off pending
S-10.2196/36998,M108-01,PROBAST+AI,model_evaluation,applicability_participants,low,Population match to clinical pain-state use; based on PubMed record and PMC full text. NR fields were not imputed.,https://pmc.ncbi.nlm.nih.gov/articles/PMC9264122/,single-pass AI-assisted audit; author sign-off pending
S-10.2196/36998,M108-01,PROBAST+AI,model_evaluation,applicability_predictors,low,Availability of the measured predictors in intended use; based on PubMed record and PMC full text. NR fields were not imputed.,https://pmc.ncbi.nlm.nih.gov/articles/PMC9264122/,single-pass AI-assisted audit; author sign-off pending
S-10.2196/36998,M108-01,PROBAST+AI,model_evaluation,applicability_outcome,low,Match between modeled target and intended clinical claim; based on PubMed record and PMC full text. NR fields were not imputed.,https://pmc.ncbi.nlm.nih.gov/articles/PMC9264122/,single-pass AI-assisted audit; author sign-off pending
S-10.1016/j.smhl.2018.01.002,M148-01,PROBAST+AI,model_evaluation,participants_and_data_sources,low,Sampling frame and unique participant count; based on PubMed record and PMC full text. NR fields were not imputed.,https://pmc.ncbi.nlm.nih.gov/articles/PMC6428053/,single-pass AI-assisted audit; author sign-off pending
S-10.1016/j.smhl.2018.01.002,M148-01,PROBAST+AI,model_evaluation,predictors,unclear,Signal acquisition and predictor processing; based on PubMed record and PMC full text. NR fields were not imputed.,https://pmc.ncbi.nlm.nih.gov/articles/PMC6428053/,single-pass AI-assisted audit; author sign-off pending
S-10.1016/j.smhl.2018.01.002,M148-01,PROBAST+AI,model_evaluation,outcome,low,"Outcome definition, timing, and separation from predictors; based on PubMed record and PMC full text. NR fields were not imputed.",https://pmc.ncbi.nlm.nih.gov/articles/PMC6428053/,single-pass AI-assisted audit; author sign-off pending
S-10.1016/j.smhl.2018.01.002,M148-01,PROBAST+AI,model_evaluation,analysis,unclear,"Person-level separation, tuning, and performance analysis; based on PubMed record and PMC full text. NR fields were not imputed.",https://pmc.ncbi.nlm.nih.gov/articles/PMC6428053/,single-pass AI-assisted audit; author sign-off pending
S-10.1016/j.smhl.2018.01.002,M148-01,PROBAST+AI,model_evaluation,applicability_participants,low,Population match to clinical pain-state use; based on PubMed record and PMC full text. NR fields were not imputed.,https://pmc.ncbi.nlm.nih.gov/articles/PMC6428053/,single-pass AI-assisted audit; author sign-off pending
S-10.1016/j.smhl.2018.01.002,M148-01,PROBAST+AI,model_evaluation,applicability_predictors,unclear,Availability of the measured predictors in intended use; based on PubMed record and PMC full text. NR fields were not imputed.,https://pmc.ncbi.nlm.nih.gov/articles/PMC6428053/,single-pass AI-assisted audit; author sign-off pending
S-10.1016/j.smhl.2018.01.002,M148-01,PROBAST+AI,model_evaluation,applicability_outcome,low,Match between modeled target and intended clinical claim; based on PubMed record and PMC full text. NR fields were not imputed.,https://pmc.ncbi.nlm.nih.gov/articles/PMC6428053/,single-pass AI-assisted audit; author sign-off pending
S-10.1016/j.dib.2026.113141,M109-01,dataset_transparency,descriptive_transparency,sampling,clear,Unique participant count and population description; based on PubMed record and PMC full text. NR fields were not imputed.,https://pmc.ncbi.nlm.nih.gov/articles/PMC13519607/,single-pass AI-assisted audit; author sign-off pending
S-10.1016/j.dib.2026.113141,M109-01,dataset_transparency,descriptive_transparency,labeling,clear,Target definition and provenance of labels; based on PubMed record and PMC full text. NR fields were not imputed.,https://pmc.ncbi.nlm.nih.gov/articles/PMC13519607/,single-pass AI-assisted audit; author sign-off pending
S-10.1016/j.dib.2026.113141,M109-01,dataset_transparency,descriptive_transparency,processing,unclear,Processing boundary reported in checked source; based on PubMed record and PMC full text. NR fields were not imputed.,https://pmc.ncbi.nlm.nih.gov/articles/PMC13519607/,single-pass AI-assisted audit; author sign-off pending
S-10.1016/j.dib.2026.113141,M109-01,dataset_transparency,descriptive_transparency,validation_and_access,limited,Reuse access and validation information; based on PubMed record and PMC full text. NR fields were not imputed.,https://pmc.ncbi.nlm.nih.gov/articles/PMC13519607/,single-pass AI-assisted audit; author sign-off pending
S-10.3390/s21123956,M028-01,PROBAST+AI,model_evaluation,participants_and_data_sources,unclear,Sampling frame and unique participant count; based on curated evidence map and available report. NR fields were not imputed.,https://pmc.ncbi.nlm.nih.gov/articles/PMC8227650/,single-pass AI-assisted audit; author sign-off pending
S-10.3390/s21123956,M028-01,PROBAST+AI,model_evaluation,predictors,unclear,Signal acquisition and predictor processing; based on curated evidence map and available report. NR fields were not imputed.,https://pmc.ncbi.nlm.nih.gov/articles/PMC8227650/,single-pass AI-assisted audit; author sign-off pending
S-10.3390/s21123956,M028-01,PROBAST+AI,model_evaluation,outcome,unclear,"Outcome definition, timing, and separation from predictors; based on curated evidence map and available report. NR fields were not imputed.",https://pmc.ncbi.nlm.nih.gov/articles/PMC8227650/,single-pass AI-assisted audit; author sign-off pending
S-10.3390/s21123956,M028-01,PROBAST+AI,model_evaluation,analysis,unclear,"Person-level separation, tuning, and performance analysis; based on curated evidence map and available report. NR fields were not imputed.",https://pmc.ncbi.nlm.nih.gov/articles/PMC8227650/,single-pass AI-assisted audit; author sign-off pending
S-10.3390/s21123956,M028-01,PROBAST+AI,model_evaluation,applicability_participants,unclear,Population match to clinical pain-state use; based on curated evidence map and available report. NR fields were not imputed.,https://pmc.ncbi.nlm.nih.gov/articles/PMC8227650/,single-pass AI-assisted audit; author sign-off pending
S-10.3390/s21123956,M028-01,PROBAST+AI,model_evaluation,applicability_predictors,low,Availability of the measured predictors in intended use; based on curated evidence map and available report. NR fields were not imputed.,https://pmc.ncbi.nlm.nih.gov/articles/PMC8227650/,single-pass AI-assisted audit; author sign-off pending
S-10.3390/s21123956,M028-01,PROBAST+AI,model_evaluation,applicability_outcome,unclear,Match between modeled target and intended clinical claim; based on curated evidence map and available report. NR fields were not imputed.,https://pmc.ncbi.nlm.nih.gov/articles/PMC8227650/,single-pass AI-assisted audit; author sign-off pending
S-10.1016/s1474-4422(19)30414-4,M033-01,validation_transparency,descriptive_transparency,sampling,clear,Unique participant count and sampling frame; based on curated evidence map and available report. NR fields were not imputed.,https://doi.org/10.1016/s1474-4422(19)30414-4,single-pass AI-assisted audit; author sign-off pending
S-10.1016/s1474-4422(19)30414-4,M033-01,validation_transparency,descriptive_transparency,target_definition,clear,"Stimulus, behavior, ECAP, or descriptive target kept distinct from pain self-report; based on curated evidence map and available report. NR fields were not imputed.",https://doi.org/10.1016/s1474-4422(19)30414-4,single-pass AI-assisted audit; author sign-off pending
S-10.1016/s1474-4422(19)30414-4,M033-01,validation_transparency,descriptive_transparency,processing_boundary,unclear,Preprocessing and segmentation boundary; based on curated evidence map and available report. NR fields were not imputed.,https://doi.org/10.1016/s1474-4422(19)30414-4,single-pass AI-assisted audit; author sign-off pending
S-10.1016/s1474-4422(19)30414-4,M033-01,validation_transparency,descriptive_transparency,validation_design,clear,Unit of separation between development and evaluation data; based on curated evidence map and available report. NR fields were not imputed.,https://doi.org/10.1016/s1474-4422(19)30414-4,single-pass AI-assisted audit; author sign-off pending
S-10.1109/embc.2018.8513575,M026-01,PROBAST+AI,model_evaluation,participants_and_data_sources,low,Sampling frame and unique participant count; based on curated evidence map and available report. NR fields were not imputed.,https://doi.org/10.1109/embc.2018.8513575,single-pass AI-assisted audit; author sign-off pending
S-10.1109/embc.2018.8513575,M026-01,PROBAST+AI,model_evaluation,predictors,unclear,Signal acquisition and predictor processing; based on curated evidence map and available report. NR fields were not imputed.,https://doi.org/10.1109/embc.2018.8513575,single-pass AI-assisted audit; author sign-off pending
S-10.1109/embc.2018.8513575,M026-01,PROBAST+AI,model_evaluation,outcome,unclear,"Outcome definition, timing, and separation from predictors; based on curated evidence map and available report. NR fields were not imputed.",https://doi.org/10.1109/embc.2018.8513575,single-pass AI-assisted audit; author sign-off pending
S-10.1109/embc.2018.8513575,M026-01,PROBAST+AI,model_evaluation,analysis,unclear,"Person-level separation, tuning, and performance analysis; based on curated evidence map and available report. NR fields were not imputed.",https://doi.org/10.1109/embc.2018.8513575,single-pass AI-assisted audit; author sign-off pending
S-10.1109/embc.2018.8513575,M026-01,PROBAST+AI,model_evaluation,applicability_participants,unclear,Population match to clinical pain-state use; based on curated evidence map and available report. NR fields were not imputed.,https://doi.org/10.1109/embc.2018.8513575,single-pass AI-assisted audit; author sign-off pending
S-10.1109/embc.2018.8513575,M026-01,PROBAST+AI,model_evaluation,applicability_predictors,low,Availability of the measured predictors in intended use; based on curated evidence map and available report. NR fields were not imputed.,https://doi.org/10.1109/embc.2018.8513575,single-pass AI-assisted audit; author sign-off pending
S-10.1109/embc.2018.8513575,M026-01,PROBAST+AI,model_evaluation,applicability_outcome,unclear,Match between modeled target and intended clinical claim; based on curated evidence map and available report. NR fields were not imputed.,https://doi.org/10.1109/embc.2018.8513575,single-pass AI-assisted audit; author sign-off pending
S-10.1155/prm/5131891,M058-01,PROBAST+AI,model_evaluation,participants_and_data_sources,unclear,Sampling frame and unique participant count; based on curated evidence map and available report. NR fields were not imputed.,https://pmc.ncbi.nlm.nih.gov/articles/PMC13108428/,single-pass AI-assisted audit; author sign-off pending
S-10.1155/prm/5131891,M058-01,PROBAST+AI,model_evaluation,predictors,unclear,Signal acquisition and predictor processing; based on curated evidence map and available report. NR fields were not imputed.,https://pmc.ncbi.nlm.nih.gov/articles/PMC13108428/,single-pass AI-assisted audit; author sign-off pending
S-10.1155/prm/5131891,M058-01,PROBAST+AI,model_evaluation,outcome,low,"Outcome definition, timing, and separation from predictors; based on curated evidence map and available report. NR fields were not imputed.",https://pmc.ncbi.nlm.nih.gov/articles/PMC13108428/,single-pass AI-assisted audit; author sign-off pending
S-10.1155/prm/5131891,M058-01,PROBAST+AI,model_evaluation,analysis,unclear,"Person-level separation, tuning, and performance analysis; based on curated evidence map and available report. NR fields were not imputed.",https://pmc.ncbi.nlm.nih.gov/articles/PMC13108428/,single-pass AI-assisted audit; author sign-off pending
S-10.1155/prm/5131891,M058-01,PROBAST+AI,model_evaluation,applicability_participants,unclear,Population match to clinical pain-state use; based on curated evidence map and available report. NR fields were not imputed.,https://pmc.ncbi.nlm.nih.gov/articles/PMC13108428/,single-pass AI-assisted audit; author sign-off pending
S-10.1155/prm/5131891,M058-01,PROBAST+AI,model_evaluation,applicability_predictors,low,Availability of the measured predictors in intended use; based on curated evidence map and available report. NR fields were not imputed.,https://pmc.ncbi.nlm.nih.gov/articles/PMC13108428/,single-pass AI-assisted audit; author sign-off pending
S-10.1155/prm/5131891,M058-01,PROBAST+AI,model_evaluation,applicability_outcome,low,Match between modeled target and intended clinical claim; based on curated evidence map and available report. NR fields were not imputed.,https://pmc.ncbi.nlm.nih.gov/articles/PMC13108428/,single-pass AI-assisted audit; author sign-off pending
S-10.1097/j.pain.0000000000001417,M149-01,PROBAST+AI,model_evaluation,participants_and_data_sources,low,Sampling frame and unique participant count; based on PubMed record and PMC full text. NR fields were not imputed.,https://pmc.ncbi.nlm.nih.gov/articles/PMC6377310/,single-pass AI-assisted audit; author sign-off pending
S-10.1097/j.pain.0000000000001417,M149-01,PROBAST+AI,model_evaluation,predictors,unclear,Signal acquisition and predictor processing; based on PubMed record and PMC full text. NR fields were not imputed.,https://pmc.ncbi.nlm.nih.gov/articles/PMC6377310/,single-pass AI-assisted audit; author sign-off pending
S-10.1097/j.pain.0000000000001417,M149-01,PROBAST+AI,model_evaluation,outcome,low,"Outcome definition, timing, and separation from predictors; based on PubMed record and PMC full text. NR fields were not imputed.",https://pmc.ncbi.nlm.nih.gov/articles/PMC6377310/,single-pass AI-assisted audit; author sign-off pending
S-10.1097/j.pain.0000000000001417,M149-01,PROBAST+AI,model_evaluation,analysis,unclear,"Person-level separation, tuning, and performance analysis; based on PubMed record and PMC full text. NR fields were not imputed.",https://pmc.ncbi.nlm.nih.gov/articles/PMC6377310/,single-pass AI-assisted audit; author sign-off pending
S-10.1097/j.pain.0000000000001417,M149-01,PROBAST+AI,model_evaluation,applicability_participants,low,Population match to clinical pain-state use; based on PubMed record and PMC full text. NR fields were not imputed.,https://pmc.ncbi.nlm.nih.gov/articles/PMC6377310/,single-pass AI-assisted audit; author sign-off pending
S-10.1097/j.pain.0000000000001417,M149-01,PROBAST+AI,model_evaluation,applicability_predictors,low,Availability of the measured predictors in intended use; based on PubMed record and PMC full text. NR fields were not imputed.,https://pmc.ncbi.nlm.nih.gov/articles/PMC6377310/,single-pass AI-assisted audit; author sign-off pending
S-10.1097/j.pain.0000000000001417,M149-01,PROBAST+AI,model_evaluation,applicability_outcome,low,Match between modeled target and intended clinical claim; based on PubMed record and PMC full text. NR fields were not imputed.,https://pmc.ncbi.nlm.nih.gov/articles/PMC6377310/,single-pass AI-assisted audit; author sign-off pending
S-10.1097/pr9.0000000000001332,M110-01,validation_transparency,descriptive_transparency,sampling,clear,Unique participant count and sampling frame; based on PubMed record and PMC full text. NR fields were not imputed.,https://pmc.ncbi.nlm.nih.gov/articles/PMC12443153/,single-pass AI-assisted audit; author sign-off pending
S-10.1097/pr9.0000000000001332,M110-01,validation_transparency,descriptive_transparency,target_definition,clear,"Stimulus, behavior, ECAP, or descriptive target kept distinct from pain self-report; based on PubMed record and PMC full text. NR fields were not imputed.",https://pmc.ncbi.nlm.nih.gov/articles/PMC12443153/,single-pass AI-assisted audit; author sign-off pending
S-10.1097/pr9.0000000000001332,M110-01,validation_transparency,descriptive_transparency,processing_boundary,unclear,Preprocessing and segmentation boundary; based on PubMed record and PMC full text. NR fields were not imputed.,https://pmc.ncbi.nlm.nih.gov/articles/PMC12443153/,single-pass AI-assisted audit; author sign-off pending
S-10.1097/pr9.0000000000001332,M110-01,validation_transparency,descriptive_transparency,validation_design,unclear,Unit of separation between development and evaluation data; based on PubMed record and PMC full text. NR fields were not imputed.,https://pmc.ncbi.nlm.nih.gov/articles/PMC12443153/,single-pass AI-assisted audit; author sign-off pending
S-10.1038/s41598-025-21987-3,M111-01,PROBAST+AI,model_evaluation,participants_and_data_sources,low,Sampling frame and unique participant count; based on PubMed record and PMC full text. NR fields were not imputed.,https://pmc.ncbi.nlm.nih.gov/articles/PMC12578783/,single-pass AI-assisted audit; author sign-off pending
S-10.1038/s41598-025-21987-3,M111-01,PROBAST+AI,model_evaluation,predictors,unclear,Signal acquisition and predictor processing; based on PubMed record and PMC full text. NR fields were not imputed.,https://pmc.ncbi.nlm.nih.gov/articles/PMC12578783/,single-pass AI-assisted audit; author sign-off pending
S-10.1038/s41598-025-21987-3,M111-01,PROBAST+AI,model_evaluation,outcome,low,"Outcome definition, timing, and separation from predictors; based on PubMed record and PMC full text. NR fields were not imputed.",https://pmc.ncbi.nlm.nih.gov/articles/PMC12578783/,single-pass AI-assisted audit; author sign-off pending
S-10.1038/s41598-025-21987-3,M111-01,PROBAST+AI,model_evaluation,analysis,unclear,"Person-level separation, tuning, and performance analysis; based on PubMed record and PMC full text. NR fields were not imputed.",https://pmc.ncbi.nlm.nih.gov/articles/PMC12578783/,single-pass AI-assisted audit; author sign-off pending
S-10.1038/s41598-025-21987-3,M111-01,PROBAST+AI,model_evaluation,applicability_participants,low,Population match to clinical pain-state use; based on PubMed record and PMC full text. NR fields were not imputed.,https://pmc.ncbi.nlm.nih.gov/articles/PMC12578783/,single-pass AI-assisted audit; author sign-off pending
S-10.1038/s41598-025-21987-3,M111-01,PROBAST+AI,model_evaluation,applicability_predictors,low,Availability of the measured predictors in intended use; based on PubMed record and PMC full text. NR fields were not imputed.,https://pmc.ncbi.nlm.nih.gov/articles/PMC12578783/,single-pass AI-assisted audit; author sign-off pending
S-10.1038/s41598-025-21987-3,M111-01,PROBAST+AI,model_evaluation,applicability_outcome,low,Match between modeled target and intended clinical claim; based on PubMed record and PMC full text. NR fields were not imputed.,https://pmc.ncbi.nlm.nih.gov/articles/PMC12578783/,single-pass AI-assisted audit; author sign-off pending
S-10.4097/kja.23583,M112-01,PROBAST+AI,model_evaluation,participants_and_data_sources,unclear,Sampling frame and unique participant count; based on PubMed record and PMC full text. NR fields were not imputed.,https://pmc.ncbi.nlm.nih.gov/articles/PMC10982524/,single-pass AI-assisted audit; author sign-off pending
S-10.4097/kja.23583,M112-01,PROBAST+AI,model_evaluation,predictors,unclear,Signal acquisition and predictor processing; based on PubMed record and PMC full text. NR fields were not imputed.,https://pmc.ncbi.nlm.nih.gov/articles/PMC10982524/,single-pass AI-assisted audit; author sign-off pending
S-10.4097/kja.23583,M112-01,PROBAST+AI,model_evaluation,outcome,low,"Outcome definition, timing, and separation from predictors; based on PubMed record and PMC full text. NR fields were not imputed.",https://pmc.ncbi.nlm.nih.gov/articles/PMC10982524/,single-pass AI-assisted audit; author sign-off pending
S-10.4097/kja.23583,M112-01,PROBAST+AI,model_evaluation,analysis,unclear,"Person-level separation, tuning, and performance analysis; based on PubMed record and PMC full text. NR fields were not imputed.",https://pmc.ncbi.nlm.nih.gov/articles/PMC10982524/,single-pass AI-assisted audit; author sign-off pending
S-10.4097/kja.23583,M112-01,PROBAST+AI,model_evaluation,applicability_participants,low,Population match to clinical pain-state use; based on PubMed record and PMC full text. NR fields were not imputed.,https://pmc.ncbi.nlm.nih.gov/articles/PMC10982524/,single-pass AI-assisted audit; author sign-off pending
S-10.4097/kja.23583,M112-01,PROBAST+AI,model_evaluation,applicability_predictors,low,Availability of the measured predictors in intended use; based on PubMed record and PMC full text. NR fields were not imputed.,https://pmc.ncbi.nlm.nih.gov/articles/PMC10982524/,single-pass AI-assisted audit; author sign-off pending
S-10.4097/kja.23583,M112-01,PROBAST+AI,model_evaluation,applicability_outcome,low,Match between modeled target and intended clinical claim; based on PubMed record and PMC full text. NR fields were not imputed.,https://pmc.ncbi.nlm.nih.gov/articles/PMC10982524/,single-pass AI-assisted audit; author sign-off pending
S-10.1038/s41598-025-92111-8,M052-01,PROBAST+AI,model_evaluation,participants_and_data_sources,low,Sampling frame and unique participant count; based on curated evidence map and available report. NR fields were not imputed.,https://pmc.ncbi.nlm.nih.gov/articles/PMC11920397/,single-pass AI-assisted audit; author sign-off pending
S-10.1038/s41598-025-92111-8,M052-01,PROBAST+AI,model_evaluation,predictors,unclear,Signal acquisition and predictor processing; based on curated evidence map and available report. NR fields were not imputed.,https://pmc.ncbi.nlm.nih.gov/articles/PMC11920397/,single-pass AI-assisted audit; author sign-off pending
S-10.1038/s41598-025-92111-8,M052-01,PROBAST+AI,model_evaluation,outcome,low,"Outcome definition, timing, and separation from predictors; based on curated evidence map and available report. NR fields were not imputed.",https://pmc.ncbi.nlm.nih.gov/articles/PMC11920397/,single-pass AI-assisted audit; author sign-off pending
S-10.1038/s41598-025-92111-8,M052-01,PROBAST+AI,model_evaluation,analysis,unclear,"Person-level separation, tuning, and performance analysis; based on curated evidence map and available report. NR fields were not imputed.",https://pmc.ncbi.nlm.nih.gov/articles/PMC11920397/,single-pass AI-assisted audit; author sign-off pending
S-10.1038/s41598-025-92111-8,M052-01,PROBAST+AI,model_evaluation,applicability_participants,low,Population match to clinical pain-state use; based on curated evidence map and available report. NR fields were not imputed.,https://pmc.ncbi.nlm.nih.gov/articles/PMC11920397/,single-pass AI-assisted audit; author sign-off pending
S-10.1038/s41598-025-92111-8,M052-01,PROBAST+AI,model_evaluation,applicability_predictors,low,Availability of the measured predictors in intended use; based on curated evidence map and available report. NR fields were not imputed.,https://pmc.ncbi.nlm.nih.gov/articles/PMC11920397/,single-pass AI-assisted audit; author sign-off pending
S-10.1038/s41598-025-92111-8,M052-01,PROBAST+AI,model_evaluation,applicability_outcome,low,Match between modeled target and intended clinical claim; based on curated evidence map and available report. NR fields were not imputed.,https://pmc.ncbi.nlm.nih.gov/articles/PMC11920397/,single-pass AI-assisted audit; author sign-off pending
S-10.1109/jstsp.2016.2535962,M025-01,PROBAST+AI,model_evaluation,participants_and_data_sources,unclear,Sampling frame and unique participant count; based on curated evidence map and available report. NR fields were not imputed.,https://doi.org/10.1109/jstsp.2016.2535962,single-pass AI-assisted audit; author sign-off pending
S-10.1109/jstsp.2016.2535962,M025-01,PROBAST+AI,model_evaluation,predictors,unclear,Signal acquisition and predictor processing; based on curated evidence map and available report. NR fields were not imputed.,https://doi.org/10.1109/jstsp.2016.2535962,single-pass AI-assisted audit; author sign-off pending
S-10.1109/jstsp.2016.2535962,M025-01,PROBAST+AI,model_evaluation,outcome,unclear,"Outcome definition, timing, and separation from predictors; based on curated evidence map and available report. NR fields were not imputed.",https://doi.org/10.1109/jstsp.2016.2535962,single-pass AI-assisted audit; author sign-off pending
S-10.1109/jstsp.2016.2535962,M025-01,PROBAST+AI,model_evaluation,analysis,unclear,"Person-level separation, tuning, and performance analysis; based on curated evidence map and available report. NR fields were not imputed.",https://doi.org/10.1109/jstsp.2016.2535962,single-pass AI-assisted audit; author sign-off pending
S-10.1109/jstsp.2016.2535962,M025-01,PROBAST+AI,model_evaluation,applicability_participants,unclear,Population match to clinical pain-state use; based on curated evidence map and available report. NR fields were not imputed.,https://doi.org/10.1109/jstsp.2016.2535962,single-pass AI-assisted audit; author sign-off pending
S-10.1109/jstsp.2016.2535962,M025-01,PROBAST+AI,model_evaluation,applicability_predictors,low,Availability of the measured predictors in intended use; based on curated evidence map and available report. NR fields were not imputed.,https://doi.org/10.1109/jstsp.2016.2535962,single-pass AI-assisted audit; author sign-off pending
S-10.1109/jstsp.2016.2535962,M025-01,PROBAST+AI,model_evaluation,applicability_outcome,unclear,Match between modeled target and intended clinical claim; based on curated evidence map and available report. NR fields were not imputed.,https://doi.org/10.1109/jstsp.2016.2535962,single-pass AI-assisted audit; author sign-off pending
S-10.1073/pnas.2319316121,M023-01,validation_transparency,descriptive_transparency,sampling,clear,Unique participant count and sampling frame; based on curated evidence map and available report. NR fields were not imputed.,https://pmc.ncbi.nlm.nih.gov/articles/PMC11459174/,single-pass AI-assisted audit; author sign-off pending
S-10.1073/pnas.2319316121,M023-01,validation_transparency,descriptive_transparency,target_definition,unclear,"Stimulus, behavior, ECAP, or descriptive target kept distinct from pain self-report; based on curated evidence map and available report. NR fields were not imputed.",https://pmc.ncbi.nlm.nih.gov/articles/PMC11459174/,single-pass AI-assisted audit; author sign-off pending
S-10.1073/pnas.2319316121,M023-01,validation_transparency,descriptive_transparency,processing_boundary,unclear,Preprocessing and segmentation boundary; based on curated evidence map and available report. NR fields were not imputed.,https://pmc.ncbi.nlm.nih.gov/articles/PMC11459174/,single-pass AI-assisted audit; author sign-off pending
S-10.1073/pnas.2319316121,M023-01,validation_transparency,descriptive_transparency,validation_design,clear,Unit of separation between development and evaluation data; based on curated evidence map and available report. NR fields were not imputed.,https://pmc.ncbi.nlm.nih.gov/articles/PMC11459174/,single-pass AI-assisted audit; author sign-off pending
S-10.1038/s41598-026-54248-y,M113-01,PROBAST+AI,model_evaluation,participants_and_data_sources,low,Sampling frame and unique participant count; based on PubMed record and PMC full text. NR fields were not imputed.,https://pmc.ncbi.nlm.nih.gov/articles/PMC13424116/,single-pass AI-assisted audit; author sign-off pending
S-10.1038/s41598-026-54248-y,M113-01,PROBAST+AI,model_evaluation,predictors,unclear,Signal acquisition and predictor processing; based on PubMed record and PMC full text. NR fields were not imputed.,https://pmc.ncbi.nlm.nih.gov/articles/PMC13424116/,single-pass AI-assisted audit; author sign-off pending
S-10.1038/s41598-026-54248-y,M113-01,PROBAST+AI,model_evaluation,outcome,low,"Outcome definition, timing, and separation from predictors; based on PubMed record and PMC full text. NR fields were not imputed.",https://pmc.ncbi.nlm.nih.gov/articles/PMC13424116/,single-pass AI-assisted audit; author sign-off pending
S-10.1038/s41598-026-54248-y,M113-01,PROBAST+AI,model_evaluation,analysis,unclear,"Person-level separation, tuning, and performance analysis; based on PubMed record and PMC full text. NR fields were not imputed.",https://pmc.ncbi.nlm.nih.gov/articles/PMC13424116/,single-pass AI-assisted audit; author sign-off pending
S-10.1038/s41598-026-54248-y,M113-01,PROBAST+AI,model_evaluation,applicability_participants,low,Population match to clinical pain-state use; based on PubMed record and PMC full text. NR fields were not imputed.,https://pmc.ncbi.nlm.nih.gov/articles/PMC13424116/,single-pass AI-assisted audit; author sign-off pending
S-10.1038/s41598-026-54248-y,M113-01,PROBAST+AI,model_evaluation,applicability_predictors,low,Availability of the measured predictors in intended use; based on PubMed record and PMC full text. NR fields were not imputed.,https://pmc.ncbi.nlm.nih.gov/articles/PMC13424116/,single-pass AI-assisted audit; author sign-off pending
S-10.1038/s41598-026-54248-y,M113-01,PROBAST+AI,model_evaluation,applicability_outcome,low,Match between modeled target and intended clinical claim; based on PubMed record and PMC full text. NR fields were not imputed.,https://pmc.ncbi.nlm.nih.gov/articles/PMC13424116/,single-pass AI-assisted audit; author sign-off pending
S-10.3791/59057,M014-01,dataset_transparency,descriptive_transparency,sampling,clear,Unique participant count and population description; based on curated evidence map and available report. NR fields were not imputed.,https://doi.org/10.3791/59057,single-pass AI-assisted audit; author sign-off pending
S-10.3791/59057,M014-01,dataset_transparency,descriptive_transparency,labeling,clear,Target definition and provenance of labels; based on curated evidence map and available report. NR fields were not imputed.,https://doi.org/10.3791/59057,single-pass AI-assisted audit; author sign-off pending
S-10.3791/59057,M014-01,dataset_transparency,descriptive_transparency,processing,unclear,Processing boundary reported in checked source; based on curated evidence map and available report. NR fields were not imputed.,https://doi.org/10.3791/59057,single-pass AI-assisted audit; author sign-off pending
S-10.3791/59057,M014-01,dataset_transparency,descriptive_transparency,validation_and_access,limited,Reuse access and validation information; based on curated evidence map and available report. NR fields were not imputed.,https://doi.org/10.3791/59057,single-pass AI-assisted audit; author sign-off pending
S-10.3390/s24020458,M114-01,PROBAST+AI,model_evaluation,participants_and_data_sources,unclear,Sampling frame and unique participant count; based on PubMed record and PMC full text. NR fields were not imputed.,https://pmc.ncbi.nlm.nih.gov/articles/PMC11154386/,single-pass AI-assisted audit; author sign-off pending
S-10.3390/s24020458,M114-01,PROBAST+AI,model_evaluation,predictors,unclear,Signal acquisition and predictor processing; based on PubMed record and PMC full text. NR fields were not imputed.,https://pmc.ncbi.nlm.nih.gov/articles/PMC11154386/,single-pass AI-assisted audit; author sign-off pending
S-10.3390/s24020458,M114-01,PROBAST+AI,model_evaluation,outcome,unclear,"Outcome definition, timing, and separation from predictors; based on PubMed record and PMC full text. NR fields were not imputed.",https://pmc.ncbi.nlm.nih.gov/articles/PMC11154386/,single-pass AI-assisted audit; author sign-off pending
S-10.3390/s24020458,M114-01,PROBAST+AI,model_evaluation,analysis,unclear,"Person-level separation, tuning, and performance analysis; based on PubMed record and PMC full text. NR fields were not imputed.",https://pmc.ncbi.nlm.nih.gov/articles/PMC11154386/,single-pass AI-assisted audit; author sign-off pending
S-10.3390/s24020458,M114-01,PROBAST+AI,model_evaluation,applicability_participants,low,Population match to clinical pain-state use; based on PubMed record and PMC full text. NR fields were not imputed.,https://pmc.ncbi.nlm.nih.gov/articles/PMC11154386/,single-pass AI-assisted audit; author sign-off pending
S-10.3390/s24020458,M114-01,PROBAST+AI,model_evaluation,applicability_predictors,low,Availability of the measured predictors in intended use; based on PubMed record and PMC full text. NR fields were not imputed.,https://pmc.ncbi.nlm.nih.gov/articles/PMC11154386/,single-pass AI-assisted audit; author sign-off pending
S-10.3390/s24020458,M114-01,PROBAST+AI,model_evaluation,applicability_outcome,unclear,Match between modeled target and intended clinical claim; based on PubMed record and PMC full text. NR fields were not imputed.,https://pmc.ncbi.nlm.nih.gov/articles/PMC11154386/,single-pass AI-assisted audit; author sign-off pending
S-10.3389/fpain.2024.1372814,M115-01,PROBAST+AI,model_evaluation,participants_and_data_sources,unclear,Sampling frame and unique participant count; based on PubMed record and PMC full text. NR fields were not imputed.,https://pmc.ncbi.nlm.nih.gov/articles/PMC11004333/,single-pass AI-assisted audit; author sign-off pending
S-10.3389/fpain.2024.1372814,M115-01,PROBAST+AI,model_evaluation,predictors,unclear,Signal acquisition and predictor processing; based on PubMed record and PMC full text. NR fields were not imputed.,https://pmc.ncbi.nlm.nih.gov/articles/PMC11004333/,single-pass AI-assisted audit; author sign-off pending
S-10.3389/fpain.2024.1372814,M115-01,PROBAST+AI,model_evaluation,outcome,unclear,"Outcome definition, timing, and separation from predictors; based on PubMed record and PMC full text. NR fields were not imputed.",https://pmc.ncbi.nlm.nih.gov/articles/PMC11004333/,single-pass AI-assisted audit; author sign-off pending
S-10.3389/fpain.2024.1372814,M115-01,PROBAST+AI,model_evaluation,analysis,unclear,"Person-level separation, tuning, and performance analysis; based on PubMed record and PMC full text. NR fields were not imputed.",https://pmc.ncbi.nlm.nih.gov/articles/PMC11004333/,single-pass AI-assisted audit; author sign-off pending
S-10.3389/fpain.2024.1372814,M115-01,PROBAST+AI,model_evaluation,applicability_participants,low,Population match to clinical pain-state use; based on PubMed record and PMC full text. NR fields were not imputed.,https://pmc.ncbi.nlm.nih.gov/articles/PMC11004333/,single-pass AI-assisted audit; author sign-off pending
S-10.3389/fpain.2024.1372814,M115-01,PROBAST+AI,model_evaluation,applicability_predictors,low,Availability of the measured predictors in intended use; based on PubMed record and PMC full text. NR fields were not imputed.,https://pmc.ncbi.nlm.nih.gov/articles/PMC11004333/,single-pass AI-assisted audit; author sign-off pending
S-10.3389/fpain.2024.1372814,M115-01,PROBAST+AI,model_evaluation,applicability_outcome,unclear,Match between modeled target and intended clinical claim; based on PubMed record and PMC full text. NR fields were not imputed.,https://pmc.ncbi.nlm.nih.gov/articles/PMC11004333/,single-pass AI-assisted audit; author sign-off pending
S-10.3390/s26103181,M055-01,PROBAST+AI,model_evaluation,participants_and_data_sources,unclear,Sampling frame and unique participant count; based on curated evidence map and available report. NR fields were not imputed.,https://pmc.ncbi.nlm.nih.gov/articles/PMC13210486/,single-pass AI-assisted audit; author sign-off pending
S-10.3390/s26103181,M055-01,PROBAST+AI,model_evaluation,predictors,unclear,Signal acquisition and predictor processing; based on curated evidence map and available report. NR fields were not imputed.,https://pmc.ncbi.nlm.nih.gov/articles/PMC13210486/,single-pass AI-assisted audit; author sign-off pending
S-10.3390/s26103181,M055-01,PROBAST+AI,model_evaluation,outcome,low,"Outcome definition, timing, and separation from predictors; based on curated evidence map and available report. NR fields were not imputed.",https://pmc.ncbi.nlm.nih.gov/articles/PMC13210486/,single-pass AI-assisted audit; author sign-off pending
S-10.3390/s26103181,M055-01,PROBAST+AI,model_evaluation,analysis,unclear,"Person-level separation, tuning, and performance analysis; based on curated evidence map and available report. NR fields were not imputed.",https://pmc.ncbi.nlm.nih.gov/articles/PMC13210486/,single-pass AI-assisted audit; author sign-off pending
S-10.3390/s26103181,M055-01,PROBAST+AI,model_evaluation,applicability_participants,unclear,Population match to clinical pain-state use; based on curated evidence map and available report. NR fields were not imputed.,https://pmc.ncbi.nlm.nih.gov/articles/PMC13210486/,single-pass AI-assisted audit; author sign-off pending
S-10.3390/s26103181,M055-01,PROBAST+AI,model_evaluation,applicability_predictors,low,Availability of the measured predictors in intended use; based on curated evidence map and available report. NR fields were not imputed.,https://pmc.ncbi.nlm.nih.gov/articles/PMC13210486/,single-pass AI-assisted audit; author sign-off pending
S-10.3390/s26103181,M055-01,PROBAST+AI,model_evaluation,applicability_outcome,low,Match between modeled target and intended clinical claim; based on curated evidence map and available report. NR fields were not imputed.,https://pmc.ncbi.nlm.nih.gov/articles/PMC13210486/,single-pass AI-assisted audit; author sign-off pending
S-10.1016/j.dib.2025.111992,M015-01,dataset_transparency,descriptive_transparency,sampling,clear,Unique participant count and population description; based on curated evidence map and available report. NR fields were not imputed.,https://pmc.ncbi.nlm.nih.gov/articles/PMC12410463/,single-pass AI-assisted audit; author sign-off pending
S-10.1016/j.dib.2025.111992,M015-01,dataset_transparency,descriptive_transparency,labeling,unclear,Target definition and provenance of labels; based on curated evidence map and available report. NR fields were not imputed.,https://pmc.ncbi.nlm.nih.gov/articles/PMC12410463/,single-pass AI-assisted audit; author sign-off pending
S-10.1016/j.dib.2025.111992,M015-01,dataset_transparency,descriptive_transparency,processing,unclear,Processing boundary reported in checked source; based on curated evidence map and available report. NR fields were not imputed.,https://pmc.ncbi.nlm.nih.gov/articles/PMC12410463/,single-pass AI-assisted audit; author sign-off pending
S-10.1016/j.dib.2025.111992,M015-01,dataset_transparency,descriptive_transparency,validation_and_access,clear,Reuse access and validation information; based on curated evidence map and available report. NR fields were not imputed.,https://pmc.ncbi.nlm.nih.gov/articles/PMC12410463/,single-pass AI-assisted audit; author sign-off pending
S-10.1016/j.dib.2021.106796,M116-01,dataset_transparency,descriptive_transparency,sampling,clear,Unique participant count and population description; based on PubMed record and PMC full text. NR fields were not imputed.,https://pmc.ncbi.nlm.nih.gov/articles/PMC7887380/,single-pass AI-assisted audit; author sign-off pending
S-10.1016/j.dib.2021.106796,M116-01,dataset_transparency,descriptive_transparency,labeling,clear,Target definition and provenance of labels; based on PubMed record and PMC full text. NR fields were not imputed.,https://pmc.ncbi.nlm.nih.gov/articles/PMC7887380/,single-pass AI-assisted audit; author sign-off pending
S-10.1016/j.dib.2021.106796,M116-01,dataset_transparency,descriptive_transparency,processing,unclear,Processing boundary reported in checked source; based on PubMed record and PMC full text. NR fields were not imputed.,https://pmc.ncbi.nlm.nih.gov/articles/PMC7887380/,single-pass AI-assisted audit; author sign-off pending
S-10.1016/j.dib.2021.106796,M116-01,dataset_transparency,descriptive_transparency,validation_and_access,limited,Reuse access and validation information; based on PubMed record and PMC full text. NR fields were not imputed.,https://pmc.ncbi.nlm.nih.gov/articles/PMC7887380/,single-pass AI-assisted audit; author sign-off pending
S-10.1002/pne2.12007,M117-01,validation_transparency,descriptive_transparency,sampling,clear,Unique participant count and sampling frame; based on PubMed record and PMC full text. NR fields were not imputed.,https://pmc.ncbi.nlm.nih.gov/articles/PMC8974881/,single-pass AI-assisted audit; author sign-off pending
S-10.1002/pne2.12007,M117-01,validation_transparency,descriptive_transparency,target_definition,clear,"Stimulus, behavior, ECAP, or descriptive target kept distinct from pain self-report; based on PubMed record and PMC full text. NR fields were not imputed.",https://pmc.ncbi.nlm.nih.gov/articles/PMC8974881/,single-pass AI-assisted audit; author sign-off pending
S-10.1002/pne2.12007,M117-01,validation_transparency,descriptive_transparency,processing_boundary,unclear,Preprocessing and segmentation boundary; based on PubMed record and PMC full text. NR fields were not imputed.,https://pmc.ncbi.nlm.nih.gov/articles/PMC8974881/,single-pass AI-assisted audit; author sign-off pending
S-10.1002/pne2.12007,M117-01,validation_transparency,descriptive_transparency,validation_design,unclear,Unit of separation between development and evaluation data; based on PubMed record and PMC full text. NR fields were not imputed.,https://pmc.ncbi.nlm.nih.gov/articles/PMC8974881/,single-pass AI-assisted audit; author sign-off pending
S-10.2196/67969,M118-01,PROBAST+AI,model_evaluation,participants_and_data_sources,unclear,Sampling frame and unique participant count; based on PubMed record and PMC full text. NR fields were not imputed.,https://pmc.ncbi.nlm.nih.gov/articles/PMC11811662/,single-pass AI-assisted audit; author sign-off pending
S-10.2196/67969,M118-01,PROBAST+AI,model_evaluation,predictors,unclear,Signal acquisition and predictor processing; based on PubMed record and PMC full text. NR fields were not imputed.,https://pmc.ncbi.nlm.nih.gov/articles/PMC11811662/,single-pass AI-assisted audit; author sign-off pending
S-10.2196/67969,M118-01,PROBAST+AI,model_evaluation,outcome,low,"Outcome definition, timing, and separation from predictors; based on PubMed record and PMC full text. NR fields were not imputed.",https://pmc.ncbi.nlm.nih.gov/articles/PMC11811662/,single-pass AI-assisted audit; author sign-off pending
S-10.2196/67969,M118-01,PROBAST+AI,model_evaluation,analysis,unclear,"Person-level separation, tuning, and performance analysis; based on PubMed record and PMC full text. NR fields were not imputed.",https://pmc.ncbi.nlm.nih.gov/articles/PMC11811662/,single-pass AI-assisted audit; author sign-off pending
S-10.2196/67969,M118-01,PROBAST+AI,model_evaluation,applicability_participants,low,Population match to clinical pain-state use; based on PubMed record and PMC full text. NR fields were not imputed.,https://pmc.ncbi.nlm.nih.gov/articles/PMC11811662/,single-pass AI-assisted audit; author sign-off pending
S-10.2196/67969,M118-01,PROBAST+AI,model_evaluation,applicability_predictors,low,Availability of the measured predictors in intended use; based on PubMed record and PMC full text. NR fields were not imputed.,https://pmc.ncbi.nlm.nih.gov/articles/PMC11811662/,single-pass AI-assisted audit; author sign-off pending
S-10.2196/67969,M118-01,PROBAST+AI,model_evaluation,applicability_outcome,low,Match between modeled target and intended clinical claim; based on PubMed record and PMC full text. NR fields were not imputed.,https://pmc.ncbi.nlm.nih.gov/articles/PMC11811662/,single-pass AI-assisted audit; author sign-off pending
S-10.3389/fpain.2023.1150264,M119-01,PROBAST+AI,model_evaluation,participants_and_data_sources,low,Sampling frame and unique participant count; based on PubMed record and PMC full text. NR fields were not imputed.,https://pmc.ncbi.nlm.nih.gov/articles/PMC10321707/,single-pass AI-assisted audit; author sign-off pending
S-10.3389/fpain.2023.1150264,M119-01,PROBAST+AI,model_evaluation,predictors,unclear,Signal acquisition and predictor processing; based on PubMed record and PMC full text. NR fields were not imputed.,https://pmc.ncbi.nlm.nih.gov/articles/PMC10321707/,single-pass AI-assisted audit; author sign-off pending
S-10.3389/fpain.2023.1150264,M119-01,PROBAST+AI,model_evaluation,outcome,low,"Outcome definition, timing, and separation from predictors; based on PubMed record and PMC full text. NR fields were not imputed.",https://pmc.ncbi.nlm.nih.gov/articles/PMC10321707/,single-pass AI-assisted audit; author sign-off pending
S-10.3389/fpain.2023.1150264,M119-01,PROBAST+AI,model_evaluation,analysis,unclear,"Person-level separation, tuning, and performance analysis; based on PubMed record and PMC full text. NR fields were not imputed.",https://pmc.ncbi.nlm.nih.gov/articles/PMC10321707/,single-pass AI-assisted audit; author sign-off pending
S-10.3389/fpain.2023.1150264,M119-01,PROBAST+AI,model_evaluation,applicability_participants,high,Population match to clinical pain-state use; based on PubMed record and PMC full text. NR fields were not imputed.,https://pmc.ncbi.nlm.nih.gov/articles/PMC10321707/,single-pass AI-assisted audit; author sign-off pending
S-10.3389/fpain.2023.1150264,M119-01,PROBAST+AI,model_evaluation,applicability_predictors,low,Availability of the measured predictors in intended use; based on PubMed record and PMC full text. NR fields were not imputed.,https://pmc.ncbi.nlm.nih.gov/articles/PMC10321707/,single-pass AI-assisted audit; author sign-off pending
S-10.3389/fpain.2023.1150264,M119-01,PROBAST+AI,model_evaluation,applicability_outcome,low,Match between modeled target and intended clinical claim; based on PubMed record and PMC full text. NR fields were not imputed.,https://pmc.ncbi.nlm.nih.gov/articles/PMC10321707/,single-pass AI-assisted audit; author sign-off pending
S-10.1016/j.compbiomed.2020.104150,M150-01,PROBAST+AI,model_evaluation,participants_and_data_sources,unclear,Sampling frame and unique participant count; based on PubMed record and PMC full text. NR fields were not imputed.,https://pmc.ncbi.nlm.nih.gov/articles/PMC7856028/,single-pass AI-assisted audit; author sign-off pending
S-10.1016/j.compbiomed.2020.104150,M150-01,PROBAST+AI,model_evaluation,predictors,unclear,Signal acquisition and predictor processing; based on PubMed record and PMC full text. NR fields were not imputed.,https://pmc.ncbi.nlm.nih.gov/articles/PMC7856028/,single-pass AI-assisted audit; author sign-off pending
S-10.1016/j.compbiomed.2020.104150,M150-01,PROBAST+AI,model_evaluation,outcome,unclear,"Outcome definition, timing, and separation from predictors; based on PubMed record and PMC full text. NR fields were not imputed.",https://pmc.ncbi.nlm.nih.gov/articles/PMC7856028/,single-pass AI-assisted audit; author sign-off pending
S-10.1016/j.compbiomed.2020.104150,M150-01,PROBAST+AI,model_evaluation,analysis,unclear,"Person-level separation, tuning, and performance analysis; based on PubMed record and PMC full text. NR fields were not imputed.",https://pmc.ncbi.nlm.nih.gov/articles/PMC7856028/,single-pass AI-assisted audit; author sign-off pending
S-10.1016/j.compbiomed.2020.104150,M150-01,PROBAST+AI,model_evaluation,applicability_participants,low,Population match to clinical pain-state use; based on PubMed record and PMC full text. NR fields were not imputed.,https://pmc.ncbi.nlm.nih.gov/articles/PMC7856028/,single-pass AI-assisted audit; author sign-off pending
S-10.1016/j.compbiomed.2020.104150,M150-01,PROBAST+AI,model_evaluation,applicability_predictors,low,Availability of the measured predictors in intended use; based on PubMed record and PMC full text. NR fields were not imputed.,https://pmc.ncbi.nlm.nih.gov/articles/PMC7856028/,single-pass AI-assisted audit; author sign-off pending
S-10.1016/j.compbiomed.2020.104150,M150-01,PROBAST+AI,model_evaluation,applicability_outcome,unclear,Match between modeled target and intended clinical claim; based on PubMed record and PMC full text. NR fields were not imputed.,https://pmc.ncbi.nlm.nih.gov/articles/PMC7856028/,single-pass AI-assisted audit; author sign-off pending
S-10.1136/rapm-2024-105370,M120-01,validation_transparency,descriptive_transparency,sampling,clear,Unique participant count and sampling frame; based on PubMed record and PMC full text. NR fields were not imputed.,https://pmc.ncbi.nlm.nih.gov/articles/PMC12322467/,single-pass AI-assisted audit; author sign-off pending
S-10.1136/rapm-2024-105370,M120-01,validation_transparency,descriptive_transparency,target_definition,clear,"Stimulus, behavior, ECAP, or descriptive target kept distinct from pain self-report; based on PubMed record and PMC full text. NR fields were not imputed.",https://pmc.ncbi.nlm.nih.gov/articles/PMC12322467/,single-pass AI-assisted audit; author sign-off pending
S-10.1136/rapm-2024-105370,M120-01,validation_transparency,descriptive_transparency,processing_boundary,unclear,Preprocessing and segmentation boundary; based on PubMed record and PMC full text. NR fields were not imputed.,https://pmc.ncbi.nlm.nih.gov/articles/PMC12322467/,single-pass AI-assisted audit; author sign-off pending
S-10.1136/rapm-2024-105370,M120-01,validation_transparency,descriptive_transparency,validation_design,unclear,Unit of separation between development and evaluation data; based on PubMed record and PMC full text. NR fields were not imputed.,https://pmc.ncbi.nlm.nih.gov/articles/PMC12322467/,single-pass AI-assisted audit; author sign-off pending
S-10.2196/23920,M121-01,validation_transparency,descriptive_transparency,sampling,clear,Unique participant count and sampling frame; based on PubMed record and PMC full text. NR fields were not imputed.,https://pmc.ncbi.nlm.nih.gov/articles/PMC7889419/,single-pass AI-assisted audit; author sign-off pending
S-10.2196/23920,M121-01,validation_transparency,descriptive_transparency,target_definition,unclear,"Stimulus, behavior, ECAP, or descriptive target kept distinct from pain self-report; based on PubMed record and PMC full text. NR fields were not imputed.",https://pmc.ncbi.nlm.nih.gov/articles/PMC7889419/,single-pass AI-assisted audit; author sign-off pending
S-10.2196/23920,M121-01,validation_transparency,descriptive_transparency,processing_boundary,unclear,Preprocessing and segmentation boundary; based on PubMed record and PMC full text. NR fields were not imputed.,https://pmc.ncbi.nlm.nih.gov/articles/PMC7889419/,single-pass AI-assisted audit; author sign-off pending
S-10.2196/23920,M121-01,validation_transparency,descriptive_transparency,validation_design,unclear,Unit of separation between development and evaluation data; based on PubMed record and PMC full text. NR fields were not imputed.,https://pmc.ncbi.nlm.nih.gov/articles/PMC7889419/,single-pass AI-assisted audit; author sign-off pending
S-10.1002/pne2.70001,M122-01,PROBAST+AI,model_evaluation,participants_and_data_sources,low,Sampling frame and unique participant count; based on PubMed record and PMC full text. NR fields were not imputed.,https://pmc.ncbi.nlm.nih.gov/articles/PMC11891568/,single-pass AI-assisted audit; author sign-off pending
S-10.1002/pne2.70001,M122-01,PROBAST+AI,model_evaluation,predictors,unclear,Signal acquisition and predictor processing; based on PubMed record and PMC full text. NR fields were not imputed.,https://pmc.ncbi.nlm.nih.gov/articles/PMC11891568/,single-pass AI-assisted audit; author sign-off pending
S-10.1002/pne2.70001,M122-01,PROBAST+AI,model_evaluation,outcome,low,"Outcome definition, timing, and separation from predictors; based on PubMed record and PMC full text. NR fields were not imputed.",https://pmc.ncbi.nlm.nih.gov/articles/PMC11891568/,single-pass AI-assisted audit; author sign-off pending
S-10.1002/pne2.70001,M122-01,PROBAST+AI,model_evaluation,analysis,unclear,"Person-level separation, tuning, and performance analysis; based on PubMed record and PMC full text. NR fields were not imputed.",https://pmc.ncbi.nlm.nih.gov/articles/PMC11891568/,single-pass AI-assisted audit; author sign-off pending
S-10.1002/pne2.70001,M122-01,PROBAST+AI,model_evaluation,applicability_participants,low,Population match to clinical pain-state use; based on PubMed record and PMC full text. NR fields were not imputed.,https://pmc.ncbi.nlm.nih.gov/articles/PMC11891568/,single-pass AI-assisted audit; author sign-off pending
S-10.1002/pne2.70001,M122-01,PROBAST+AI,model_evaluation,applicability_predictors,low,Availability of the measured predictors in intended use; based on PubMed record and PMC full text. NR fields were not imputed.,https://pmc.ncbi.nlm.nih.gov/articles/PMC11891568/,single-pass AI-assisted audit; author sign-off pending
S-10.1002/pne2.70001,M122-01,PROBAST+AI,model_evaluation,applicability_outcome,low,Match between modeled target and intended clinical claim; based on PubMed record and PMC full text. NR fields were not imputed.,https://pmc.ncbi.nlm.nih.gov/articles/PMC11891568/,single-pass AI-assisted audit; author sign-off pending
S-10.3390/biology14020210,M123-01,PROBAST+AI,model_evaluation,participants_and_data_sources,unclear,Sampling frame and unique participant count; based on PubMed record and PMC full text. NR fields were not imputed.,https://pmc.ncbi.nlm.nih.gov/articles/PMC11851851/,single-pass AI-assisted audit; author sign-off pending
S-10.3390/biology14020210,M123-01,PROBAST+AI,model_evaluation,predictors,unclear,Signal acquisition and predictor processing; based on PubMed record and PMC full text. NR fields were not imputed.,https://pmc.ncbi.nlm.nih.gov/articles/PMC11851851/,single-pass AI-assisted audit; author sign-off pending
S-10.3390/biology14020210,M123-01,PROBAST+AI,model_evaluation,outcome,unclear,"Outcome definition, timing, and separation from predictors; based on PubMed record and PMC full text. NR fields were not imputed.",https://pmc.ncbi.nlm.nih.gov/articles/PMC11851851/,single-pass AI-assisted audit; author sign-off pending
S-10.3390/biology14020210,M123-01,PROBAST+AI,model_evaluation,analysis,unclear,"Person-level separation, tuning, and performance analysis; based on PubMed record and PMC full text. NR fields were not imputed.",https://pmc.ncbi.nlm.nih.gov/articles/PMC11851851/,single-pass AI-assisted audit; author sign-off pending
S-10.3390/biology14020210,M123-01,PROBAST+AI,model_evaluation,applicability_participants,low,Population match to clinical pain-state use; based on PubMed record and PMC full text. NR fields were not imputed.,https://pmc.ncbi.nlm.nih.gov/articles/PMC11851851/,single-pass AI-assisted audit; author sign-off pending
S-10.3390/biology14020210,M123-01,PROBAST+AI,model_evaluation,applicability_predictors,low,Availability of the measured predictors in intended use; based on PubMed record and PMC full text. NR fields were not imputed.,https://pmc.ncbi.nlm.nih.gov/articles/PMC11851851/,single-pass AI-assisted audit; author sign-off pending
S-10.3390/biology14020210,M123-01,PROBAST+AI,model_evaluation,applicability_outcome,unclear,Match between modeled target and intended clinical claim; based on PubMed record and PMC full text. NR fields were not imputed.,https://pmc.ncbi.nlm.nih.gov/articles/PMC11851851/,single-pass AI-assisted audit; author sign-off pending
S-10.1038/s41746-023-00892-x,M035-01,PROBAST+AI,model_evaluation,participants_and_data_sources,low,Sampling frame and unique participant count; based on curated evidence map and available report. NR fields were not imputed.,https://pmc.ncbi.nlm.nih.gov/articles/PMC10427619/,single-pass AI-assisted audit; author sign-off pending
S-10.1038/s41746-023-00892-x,M035-01,PROBAST+AI,model_evaluation,predictors,unclear,Signal acquisition and predictor processing; based on curated evidence map and available report. NR fields were not imputed.,https://pmc.ncbi.nlm.nih.gov/articles/PMC10427619/,single-pass AI-assisted audit; author sign-off pending
S-10.1038/s41746-023-00892-x,M035-01,PROBAST+AI,model_evaluation,outcome,low,"Outcome definition, timing, and separation from predictors; based on curated evidence map and available report. NR fields were not imputed.",https://pmc.ncbi.nlm.nih.gov/articles/PMC10427619/,single-pass AI-assisted audit; author sign-off pending
S-10.1038/s41746-023-00892-x,M035-01,PROBAST+AI,model_evaluation,analysis,unclear,"Person-level separation, tuning, and performance analysis; based on curated evidence map and available report. NR fields were not imputed.",https://pmc.ncbi.nlm.nih.gov/articles/PMC10427619/,single-pass AI-assisted audit; author sign-off pending
S-10.1038/s41746-023-00892-x,M035-01,PROBAST+AI,model_evaluation,applicability_participants,low,Population match to clinical pain-state use; based on curated evidence map and available report. NR fields were not imputed.,https://pmc.ncbi.nlm.nih.gov/articles/PMC10427619/,single-pass AI-assisted audit; author sign-off pending
S-10.1038/s41746-023-00892-x,M035-01,PROBAST+AI,model_evaluation,applicability_predictors,low,Availability of the measured predictors in intended use; based on curated evidence map and available report. NR fields were not imputed.,https://pmc.ncbi.nlm.nih.gov/articles/PMC10427619/,single-pass AI-assisted audit; author sign-off pending
S-10.1038/s41746-023-00892-x,M035-01,PROBAST+AI,model_evaluation,applicability_outcome,low,Match between modeled target and intended clinical claim; based on curated evidence map and available report. NR fields were not imputed.,https://pmc.ncbi.nlm.nih.gov/articles/PMC10427619/,single-pass AI-assisted audit; author sign-off pending
S-10.3390/s24196298,M124-01,PROBAST+AI,model_evaluation,participants_and_data_sources,low,Sampling frame and unique participant count; based on PubMed record and PMC full text. NR fields were not imputed.,https://pmc.ncbi.nlm.nih.gov/articles/PMC11478472/,single-pass AI-assisted audit; author sign-off pending
S-10.3390/s24196298,M124-01,PROBAST+AI,model_evaluation,predictors,unclear,Signal acquisition and predictor processing; based on PubMed record and PMC full text. NR fields were not imputed.,https://pmc.ncbi.nlm.nih.gov/articles/PMC11478472/,single-pass AI-assisted audit; author sign-off pending
S-10.3390/s24196298,M124-01,PROBAST+AI,model_evaluation,outcome,unclear,"Outcome definition, timing, and separation from predictors; based on PubMed record and PMC full text. NR fields were not imputed.",https://pmc.ncbi.nlm.nih.gov/articles/PMC11478472/,single-pass AI-assisted audit; author sign-off pending
S-10.3390/s24196298,M124-01,PROBAST+AI,model_evaluation,analysis,unclear,"Person-level separation, tuning, and performance analysis; based on PubMed record and PMC full text. NR fields were not imputed.",https://pmc.ncbi.nlm.nih.gov/articles/PMC11478472/,single-pass AI-assisted audit; author sign-off pending
S-10.3390/s24196298,M124-01,PROBAST+AI,model_evaluation,applicability_participants,low,Population match to clinical pain-state use; based on PubMed record and PMC full text. NR fields were not imputed.,https://pmc.ncbi.nlm.nih.gov/articles/PMC11478472/,single-pass AI-assisted audit; author sign-off pending
S-10.3390/s24196298,M124-01,PROBAST+AI,model_evaluation,applicability_predictors,low,Availability of the measured predictors in intended use; based on PubMed record and PMC full text. NR fields were not imputed.,https://pmc.ncbi.nlm.nih.gov/articles/PMC11478472/,single-pass AI-assisted audit; author sign-off pending
S-10.3390/s24196298,M124-01,PROBAST+AI,model_evaluation,applicability_outcome,unclear,Match between modeled target and intended clinical claim; based on PubMed record and PMC full text. NR fields were not imputed.,https://pmc.ncbi.nlm.nih.gov/articles/PMC11478472/,single-pass AI-assisted audit; author sign-off pending
S-10.2196/25258,M125-01,PROBAST+AI,model_evaluation,participants_and_data_sources,low,Sampling frame and unique participant count; based on PubMed record and PMC full text. NR fields were not imputed.,https://pmc.ncbi.nlm.nih.gov/articles/PMC8135033/,single-pass AI-assisted audit; author sign-off pending
S-10.2196/25258,M125-01,PROBAST+AI,model_evaluation,predictors,unclear,Signal acquisition and predictor processing; based on PubMed record and PMC full text. NR fields were not imputed.,https://pmc.ncbi.nlm.nih.gov/articles/PMC8135033/,single-pass AI-assisted audit; author sign-off pending
S-10.2196/25258,M125-01,PROBAST+AI,model_evaluation,outcome,low,"Outcome definition, timing, and separation from predictors; based on PubMed record and PMC full text. NR fields were not imputed.",https://pmc.ncbi.nlm.nih.gov/articles/PMC8135033/,single-pass AI-assisted audit; author sign-off pending
S-10.2196/25258,M125-01,PROBAST+AI,model_evaluation,analysis,unclear,"Person-level separation, tuning, and performance analysis; based on PubMed record and PMC full text. NR fields were not imputed.",https://pmc.ncbi.nlm.nih.gov/articles/PMC8135033/,single-pass AI-assisted audit; author sign-off pending
S-10.2196/25258,M125-01,PROBAST+AI,model_evaluation,applicability_participants,low,Population match to clinical pain-state use; based on PubMed record and PMC full text. NR fields were not imputed.,https://pmc.ncbi.nlm.nih.gov/articles/PMC8135033/,single-pass AI-assisted audit; author sign-off pending
S-10.2196/25258,M125-01,PROBAST+AI,model_evaluation,applicability_predictors,low,Availability of the measured predictors in intended use; based on PubMed record and PMC full text. NR fields were not imputed.,https://pmc.ncbi.nlm.nih.gov/articles/PMC8135033/,single-pass AI-assisted audit; author sign-off pending
S-10.2196/25258,M125-01,PROBAST+AI,model_evaluation,applicability_outcome,low,Match between modeled target and intended clinical claim; based on PubMed record and PMC full text. NR fields were not imputed.,https://pmc.ncbi.nlm.nih.gov/articles/PMC8135033/,single-pass AI-assisted audit; author sign-off pending
S-10.1371/journal.pone.0232412,M126-01,PROBAST+AI,model_evaluation,participants_and_data_sources,unclear,Sampling frame and unique participant count; based on PubMed record and PMC full text. NR fields were not imputed.,https://pmc.ncbi.nlm.nih.gov/articles/PMC7444520/,single-pass AI-assisted audit; author sign-off pending
S-10.1371/journal.pone.0232412,M126-01,PROBAST+AI,model_evaluation,predictors,unclear,Signal acquisition and predictor processing; based on PubMed record and PMC full text. NR fields were not imputed.,https://pmc.ncbi.nlm.nih.gov/articles/PMC7444520/,single-pass AI-assisted audit; author sign-off pending
S-10.1371/journal.pone.0232412,M126-01,PROBAST+AI,model_evaluation,outcome,unclear,"Outcome definition, timing, and separation from predictors; based on PubMed record and PMC full text. NR fields were not imputed.",https://pmc.ncbi.nlm.nih.gov/articles/PMC7444520/,single-pass AI-assisted audit; author sign-off pending
S-10.1371/journal.pone.0232412,M126-01,PROBAST+AI,model_evaluation,analysis,unclear,"Person-level separation, tuning, and performance analysis; based on PubMed record and PMC full text. NR fields were not imputed.",https://pmc.ncbi.nlm.nih.gov/articles/PMC7444520/,single-pass AI-assisted audit; author sign-off pending
S-10.1371/journal.pone.0232412,M126-01,PROBAST+AI,model_evaluation,applicability_participants,unclear,Population match to clinical pain-state use; based on PubMed record and PMC full text. NR fields were not imputed.,https://pmc.ncbi.nlm.nih.gov/articles/PMC7444520/,single-pass AI-assisted audit; author sign-off pending
S-10.1371/journal.pone.0232412,M126-01,PROBAST+AI,model_evaluation,applicability_predictors,low,Availability of the measured predictors in intended use; based on PubMed record and PMC full text. NR fields were not imputed.,https://pmc.ncbi.nlm.nih.gov/articles/PMC7444520/,single-pass AI-assisted audit; author sign-off pending
S-10.1371/journal.pone.0232412,M126-01,PROBAST+AI,model_evaluation,applicability_outcome,unclear,Match between modeled target and intended clinical claim; based on PubMed record and PMC full text. NR fields were not imputed.,https://pmc.ncbi.nlm.nih.gov/articles/PMC7444520/,single-pass AI-assisted audit; author sign-off pending
S-10.1371/journal.pone.0140330,M024-01,validation_transparency,descriptive_transparency,sampling,clear,Unique participant count and sampling frame; based on curated evidence map and available report. NR fields were not imputed.,https://pmc.ncbi.nlm.nih.gov/articles/PMC4608770/,single-pass AI-assisted audit; author sign-off pending
S-10.1371/journal.pone.0140330,M024-01,validation_transparency,descriptive_transparency,target_definition,clear,"Stimulus, behavior, ECAP, or descriptive target kept distinct from pain self-report; based on curated evidence map and available report. NR fields were not imputed.",https://pmc.ncbi.nlm.nih.gov/articles/PMC4608770/,single-pass AI-assisted audit; author sign-off pending
S-10.1371/journal.pone.0140330,M024-01,validation_transparency,descriptive_transparency,processing_boundary,unclear,Preprocessing and segmentation boundary; based on curated evidence map and available report. NR fields were not imputed.,https://pmc.ncbi.nlm.nih.gov/articles/PMC4608770/,single-pass AI-assisted audit; author sign-off pending
S-10.1371/journal.pone.0140330,M024-01,validation_transparency,descriptive_transparency,validation_design,clear,Unit of separation between development and evaluation data; based on curated evidence map and available report. NR fields were not imputed.,https://pmc.ncbi.nlm.nih.gov/articles/PMC4608770/,single-pass AI-assisted audit; author sign-off pending
S-10.3390/diagnostics15182362,M127-01,PROBAST+AI,model_evaluation,participants_and_data_sources,unclear,Sampling frame and unique participant count; based on PubMed record and PMC full text. NR fields were not imputed.,https://pmc.ncbi.nlm.nih.gov/articles/PMC12468818/,single-pass AI-assisted audit; author sign-off pending
S-10.3390/diagnostics15182362,M127-01,PROBAST+AI,model_evaluation,predictors,unclear,Signal acquisition and predictor processing; based on PubMed record and PMC full text. NR fields were not imputed.,https://pmc.ncbi.nlm.nih.gov/articles/PMC12468818/,single-pass AI-assisted audit; author sign-off pending
S-10.3390/diagnostics15182362,M127-01,PROBAST+AI,model_evaluation,outcome,low,"Outcome definition, timing, and separation from predictors; based on PubMed record and PMC full text. NR fields were not imputed.",https://pmc.ncbi.nlm.nih.gov/articles/PMC12468818/,single-pass AI-assisted audit; author sign-off pending
S-10.3390/diagnostics15182362,M127-01,PROBAST+AI,model_evaluation,analysis,unclear,"Person-level separation, tuning, and performance analysis; based on PubMed record and PMC full text. NR fields were not imputed.",https://pmc.ncbi.nlm.nih.gov/articles/PMC12468818/,single-pass AI-assisted audit; author sign-off pending
S-10.3390/diagnostics15182362,M127-01,PROBAST+AI,model_evaluation,applicability_participants,low,Population match to clinical pain-state use; based on PubMed record and PMC full text. NR fields were not imputed.,https://pmc.ncbi.nlm.nih.gov/articles/PMC12468818/,single-pass AI-assisted audit; author sign-off pending
S-10.3390/diagnostics15182362,M127-01,PROBAST+AI,model_evaluation,applicability_predictors,low,Availability of the measured predictors in intended use; based on PubMed record and PMC full text. NR fields were not imputed.,https://pmc.ncbi.nlm.nih.gov/articles/PMC12468818/,single-pass AI-assisted audit; author sign-off pending
S-10.3390/diagnostics15182362,M127-01,PROBAST+AI,model_evaluation,applicability_outcome,low,Match between modeled target and intended clinical claim; based on PubMed record and PMC full text. NR fields were not imputed.,https://pmc.ncbi.nlm.nih.gov/articles/PMC12468818/,single-pass AI-assisted audit; author sign-off pending
S-10.2196/25079,M128-01,PROBAST+AI,model_evaluation,participants_and_data_sources,low,Sampling frame and unique participant count; based on PubMed record and PMC full text. NR fields were not imputed.,https://pmc.ncbi.nlm.nih.gov/articles/PMC8196363/,single-pass AI-assisted audit; author sign-off pending
S-10.2196/25079,M128-01,PROBAST+AI,model_evaluation,predictors,unclear,Signal acquisition and predictor processing; based on PubMed record and PMC full text. NR fields were not imputed.,https://pmc.ncbi.nlm.nih.gov/articles/PMC8196363/,single-pass AI-assisted audit; author sign-off pending
S-10.2196/25079,M128-01,PROBAST+AI,model_evaluation,outcome,low,"Outcome definition, timing, and separation from predictors; based on PubMed record and PMC full text. NR fields were not imputed.",https://pmc.ncbi.nlm.nih.gov/articles/PMC8196363/,single-pass AI-assisted audit; author sign-off pending
S-10.2196/25079,M128-01,PROBAST+AI,model_evaluation,analysis,unclear,"Person-level separation, tuning, and performance analysis; based on PubMed record and PMC full text. NR fields were not imputed.",https://pmc.ncbi.nlm.nih.gov/articles/PMC8196363/,single-pass AI-assisted audit; author sign-off pending
S-10.2196/25079,M128-01,PROBAST+AI,model_evaluation,applicability_participants,low,Population match to clinical pain-state use; based on PubMed record and PMC full text. NR fields were not imputed.,https://pmc.ncbi.nlm.nih.gov/articles/PMC8196363/,single-pass AI-assisted audit; author sign-off pending
S-10.2196/25079,M128-01,PROBAST+AI,model_evaluation,applicability_predictors,low,Availability of the measured predictors in intended use; based on PubMed record and PMC full text. NR fields were not imputed.,https://pmc.ncbi.nlm.nih.gov/articles/PMC8196363/,single-pass AI-assisted audit; author sign-off pending
S-10.2196/25079,M128-01,PROBAST+AI,model_evaluation,applicability_outcome,low,Match between modeled target and intended clinical claim; based on PubMed record and PMC full text. NR fields were not imputed.,https://pmc.ncbi.nlm.nih.gov/articles/PMC8196363/,single-pass AI-assisted audit; author sign-off pending
S-10.1109/fg.2011.5771462,M018-01,dataset_transparency,descriptive_transparency,sampling,clear,Unique participant count and population description; based on curated evidence map and available report. NR fields were not imputed.,https://doi.org/10.1109/fg.2011.5771462,single-pass AI-assisted audit; author sign-off pending
S-10.1109/fg.2011.5771462,M018-01,dataset_transparency,descriptive_transparency,labeling,unclear,Target definition and provenance of labels; based on curated evidence map and available report. NR fields were not imputed.,https://doi.org/10.1109/fg.2011.5771462,single-pass AI-assisted audit; author sign-off pending
S-10.1109/fg.2011.5771462,M018-01,dataset_transparency,descriptive_transparency,processing,unclear,Processing boundary reported in checked source; based on curated evidence map and available report. NR fields were not imputed.,https://doi.org/10.1109/fg.2011.5771462,single-pass AI-assisted audit; author sign-off pending
S-10.1109/fg.2011.5771462,M018-01,dataset_transparency,descriptive_transparency,validation_and_access,limited,Reuse access and validation information; based on curated evidence map and available report. NR fields were not imputed.,https://doi.org/10.1109/fg.2011.5771462,single-pass AI-assisted audit; author sign-off pending
S-10.1371/journal.pdig.0001442,M129-01,PROBAST+AI,model_evaluation,participants_and_data_sources,low,Sampling frame and unique participant count; based on PubMed record and PMC full text. NR fields were not imputed.,https://pmc.ncbi.nlm.nih.gov/articles/PMC13210372/,single-pass AI-assisted audit; author sign-off pending
S-10.1371/journal.pdig.0001442,M129-01,PROBAST+AI,model_evaluation,predictors,unclear,Signal acquisition and predictor processing; based on PubMed record and PMC full text. NR fields were not imputed.,https://pmc.ncbi.nlm.nih.gov/articles/PMC13210372/,single-pass AI-assisted audit; author sign-off pending
S-10.1371/journal.pdig.0001442,M129-01,PROBAST+AI,model_evaluation,outcome,low,"Outcome definition, timing, and separation from predictors; based on PubMed record and PMC full text. NR fields were not imputed.",https://pmc.ncbi.nlm.nih.gov/articles/PMC13210372/,single-pass AI-assisted audit; author sign-off pending
S-10.1371/journal.pdig.0001442,M129-01,PROBAST+AI,model_evaluation,analysis,unclear,"Person-level separation, tuning, and performance analysis; based on PubMed record and PMC full text. NR fields were not imputed.",https://pmc.ncbi.nlm.nih.gov/articles/PMC13210372/,single-pass AI-assisted audit; author sign-off pending
S-10.1371/journal.pdig.0001442,M129-01,PROBAST+AI,model_evaluation,applicability_participants,low,Population match to clinical pain-state use; based on PubMed record and PMC full text. NR fields were not imputed.,https://pmc.ncbi.nlm.nih.gov/articles/PMC13210372/,single-pass AI-assisted audit; author sign-off pending
S-10.1371/journal.pdig.0001442,M129-01,PROBAST+AI,model_evaluation,applicability_predictors,unclear,Availability of the measured predictors in intended use; based on PubMed record and PMC full text. NR fields were not imputed.,https://pmc.ncbi.nlm.nih.gov/articles/PMC13210372/,single-pass AI-assisted audit; author sign-off pending
S-10.1371/journal.pdig.0001442,M129-01,PROBAST+AI,model_evaluation,applicability_outcome,low,Match between modeled target and intended clinical claim; based on PubMed record and PMC full text. NR fields were not imputed.,https://pmc.ncbi.nlm.nih.gov/articles/PMC13210372/,single-pass AI-assisted audit; author sign-off pending
S-10.1371/journal.pone.0354510,M130-01,PROBAST+AI,model_evaluation,participants_and_data_sources,low,Sampling frame and unique participant count; based on PubMed record and PMC full text. NR fields were not imputed.,https://pmc.ncbi.nlm.nih.gov/articles/PMC13502692/,single-pass AI-assisted audit; author sign-off pending
S-10.1371/journal.pone.0354510,M130-01,PROBAST+AI,model_evaluation,predictors,unclear,Signal acquisition and predictor processing; based on PubMed record and PMC full text. NR fields were not imputed.,https://pmc.ncbi.nlm.nih.gov/articles/PMC13502692/,single-pass AI-assisted audit; author sign-off pending
S-10.1371/journal.pone.0354510,M130-01,PROBAST+AI,model_evaluation,outcome,unclear,"Outcome definition, timing, and separation from predictors; based on PubMed record and PMC full text. NR fields were not imputed.",https://pmc.ncbi.nlm.nih.gov/articles/PMC13502692/,single-pass AI-assisted audit; author sign-off pending
S-10.1371/journal.pone.0354510,M130-01,PROBAST+AI,model_evaluation,analysis,unclear,"Person-level separation, tuning, and performance analysis; based on PubMed record and PMC full text. NR fields were not imputed.",https://pmc.ncbi.nlm.nih.gov/articles/PMC13502692/,single-pass AI-assisted audit; author sign-off pending
S-10.1371/journal.pone.0354510,M130-01,PROBAST+AI,model_evaluation,applicability_participants,low,Population match to clinical pain-state use; based on PubMed record and PMC full text. NR fields were not imputed.,https://pmc.ncbi.nlm.nih.gov/articles/PMC13502692/,single-pass AI-assisted audit; author sign-off pending
S-10.1371/journal.pone.0354510,M130-01,PROBAST+AI,model_evaluation,applicability_predictors,low,Availability of the measured predictors in intended use; based on PubMed record and PMC full text. NR fields were not imputed.,https://pmc.ncbi.nlm.nih.gov/articles/PMC13502692/,single-pass AI-assisted audit; author sign-off pending
S-10.1371/journal.pone.0354510,M130-01,PROBAST+AI,model_evaluation,applicability_outcome,unclear,Match between modeled target and intended clinical claim; based on PubMed record and PMC full text. NR fields were not imputed.,https://pmc.ncbi.nlm.nih.gov/articles/PMC13502692/,single-pass AI-assisted audit; author sign-off pending
S-10.3390/s22218087,M131-01,PROBAST+AI,model_evaluation,participants_and_data_sources,low,Sampling frame and unique participant count; based on PubMed record and PMC full text. NR fields were not imputed.,https://pmc.ncbi.nlm.nih.gov/articles/PMC9654781/,single-pass AI-assisted audit; author sign-off pending
S-10.3390/s22218087,M131-01,PROBAST+AI,model_evaluation,predictors,unclear,Signal acquisition and predictor processing; based on PubMed record and PMC full text. NR fields were not imputed.,https://pmc.ncbi.nlm.nih.gov/articles/PMC9654781/,single-pass AI-assisted audit; author sign-off pending
S-10.3390/s22218087,M131-01,PROBAST+AI,model_evaluation,outcome,unclear,"Outcome definition, timing, and separation from predictors; based on PubMed record and PMC full text. NR fields were not imputed.",https://pmc.ncbi.nlm.nih.gov/articles/PMC9654781/,single-pass AI-assisted audit; author sign-off pending
S-10.3390/s22218087,M131-01,PROBAST+AI,model_evaluation,analysis,unclear,"Person-level separation, tuning, and performance analysis; based on PubMed record and PMC full text. NR fields were not imputed.",https://pmc.ncbi.nlm.nih.gov/articles/PMC9654781/,single-pass AI-assisted audit; author sign-off pending
S-10.3390/s22218087,M131-01,PROBAST+AI,model_evaluation,applicability_participants,unclear,Population match to clinical pain-state use; based on PubMed record and PMC full text. NR fields were not imputed.,https://pmc.ncbi.nlm.nih.gov/articles/PMC9654781/,single-pass AI-assisted audit; author sign-off pending
S-10.3390/s22218087,M131-01,PROBAST+AI,model_evaluation,applicability_predictors,low,Availability of the measured predictors in intended use; based on PubMed record and PMC full text. NR fields were not imputed.,https://pmc.ncbi.nlm.nih.gov/articles/PMC9654781/,single-pass AI-assisted audit; author sign-off pending
S-10.3390/s22218087,M131-01,PROBAST+AI,model_evaluation,applicability_outcome,unclear,Match between modeled target and intended clinical claim; based on PubMed record and PMC full text. NR fields were not imputed.,https://pmc.ncbi.nlm.nih.gov/articles/PMC9654781/,single-pass AI-assisted audit; author sign-off pending
S-10.3390/s25072086,M132-01,PROBAST+AI,model_evaluation,participants_and_data_sources,unclear,Sampling frame and unique participant count; based on PubMed record and PMC full text. NR fields were not imputed.,https://pmc.ncbi.nlm.nih.gov/articles/PMC11991361/,single-pass AI-assisted audit; author sign-off pending
S-10.3390/s25072086,M132-01,PROBAST+AI,model_evaluation,predictors,unclear,Signal acquisition and predictor processing; based on PubMed record and PMC full text. NR fields were not imputed.,https://pmc.ncbi.nlm.nih.gov/articles/PMC11991361/,single-pass AI-assisted audit; author sign-off pending
S-10.3390/s25072086,M132-01,PROBAST+AI,model_evaluation,outcome,low,"Outcome definition, timing, and separation from predictors; based on PubMed record and PMC full text. NR fields were not imputed.",https://pmc.ncbi.nlm.nih.gov/articles/PMC11991361/,single-pass AI-assisted audit; author sign-off pending
S-10.3390/s25072086,M132-01,PROBAST+AI,model_evaluation,analysis,unclear,"Person-level separation, tuning, and performance analysis; based on PubMed record and PMC full text. NR fields were not imputed.",https://pmc.ncbi.nlm.nih.gov/articles/PMC11991361/,single-pass AI-assisted audit; author sign-off pending
S-10.3390/s25072086,M132-01,PROBAST+AI,model_evaluation,applicability_participants,low,Population match to clinical pain-state use; based on PubMed record and PMC full text. NR fields were not imputed.,https://pmc.ncbi.nlm.nih.gov/articles/PMC11991361/,single-pass AI-assisted audit; author sign-off pending
S-10.3390/s25072086,M132-01,PROBAST+AI,model_evaluation,applicability_predictors,low,Availability of the measured predictors in intended use; based on PubMed record and PMC full text. NR fields were not imputed.,https://pmc.ncbi.nlm.nih.gov/articles/PMC11991361/,single-pass AI-assisted audit; author sign-off pending
S-10.3390/s25072086,M132-01,PROBAST+AI,model_evaluation,applicability_outcome,low,Match between modeled target and intended clinical claim; based on PubMed record and PMC full text. NR fields were not imputed.,https://pmc.ncbi.nlm.nih.gov/articles/PMC11991361/,single-pass AI-assisted audit; author sign-off pending
S-10.1002/ejp.70313,M133-01,PROBAST+AI,model_evaluation,participants_and_data_sources,low,Sampling frame and unique participant count; based on PubMed record and PMC full text. NR fields were not imputed.,https://pmc.ncbi.nlm.nih.gov/articles/PMC13317760/,single-pass AI-assisted audit; author sign-off pending
S-10.1002/ejp.70313,M133-01,PROBAST+AI,model_evaluation,predictors,unclear,Signal acquisition and predictor processing; based on PubMed record and PMC full text. NR fields were not imputed.,https://pmc.ncbi.nlm.nih.gov/articles/PMC13317760/,single-pass AI-assisted audit; author sign-off pending
S-10.1002/ejp.70313,M133-01,PROBAST+AI,model_evaluation,outcome,low,"Outcome definition, timing, and separation from predictors; based on PubMed record and PMC full text. NR fields were not imputed.",https://pmc.ncbi.nlm.nih.gov/articles/PMC13317760/,single-pass AI-assisted audit; author sign-off pending
S-10.1002/ejp.70313,M133-01,PROBAST+AI,model_evaluation,analysis,unclear,"Person-level separation, tuning, and performance analysis; based on PubMed record and PMC full text. NR fields were not imputed.",https://pmc.ncbi.nlm.nih.gov/articles/PMC13317760/,single-pass AI-assisted audit; author sign-off pending
S-10.1002/ejp.70313,M133-01,PROBAST+AI,model_evaluation,applicability_participants,high,Population match to clinical pain-state use; based on PubMed record and PMC full text. NR fields were not imputed.,https://pmc.ncbi.nlm.nih.gov/articles/PMC13317760/,single-pass AI-assisted audit; author sign-off pending
S-10.1002/ejp.70313,M133-01,PROBAST+AI,model_evaluation,applicability_predictors,low,Availability of the measured predictors in intended use; based on PubMed record and PMC full text. NR fields were not imputed.,https://pmc.ncbi.nlm.nih.gov/articles/PMC13317760/,single-pass AI-assisted audit; author sign-off pending
S-10.1002/ejp.70313,M133-01,PROBAST+AI,model_evaluation,applicability_outcome,low,Match between modeled target and intended clinical claim; based on PubMed record and PMC full text. NR fields were not imputed.,https://pmc.ncbi.nlm.nih.gov/articles/PMC13317760/,single-pass AI-assisted audit; author sign-off pending
S-10.1186/s12911-025-03305-z,M134-01,PROBAST+AI,model_evaluation,participants_and_data_sources,low,Sampling frame and unique participant count; based on PubMed record and PMC full text. NR fields were not imputed.,https://pmc.ncbi.nlm.nih.gov/articles/PMC12822141/,single-pass AI-assisted audit; author sign-off pending
S-10.1186/s12911-025-03305-z,M134-01,PROBAST+AI,model_evaluation,predictors,unclear,Signal acquisition and predictor processing; based on PubMed record and PMC full text. NR fields were not imputed.,https://pmc.ncbi.nlm.nih.gov/articles/PMC12822141/,single-pass AI-assisted audit; author sign-off pending
S-10.1186/s12911-025-03305-z,M134-01,PROBAST+AI,model_evaluation,outcome,unclear,"Outcome definition, timing, and separation from predictors; based on PubMed record and PMC full text. NR fields were not imputed.",https://pmc.ncbi.nlm.nih.gov/articles/PMC12822141/,single-pass AI-assisted audit; author sign-off pending
S-10.1186/s12911-025-03305-z,M134-01,PROBAST+AI,model_evaluation,analysis,unclear,"Person-level separation, tuning, and performance analysis; based on PubMed record and PMC full text. NR fields were not imputed.",https://pmc.ncbi.nlm.nih.gov/articles/PMC12822141/,single-pass AI-assisted audit; author sign-off pending
S-10.1186/s12911-025-03305-z,M134-01,PROBAST+AI,model_evaluation,applicability_participants,unclear,Population match to clinical pain-state use; based on PubMed record and PMC full text. NR fields were not imputed.,https://pmc.ncbi.nlm.nih.gov/articles/PMC12822141/,single-pass AI-assisted audit; author sign-off pending
S-10.1186/s12911-025-03305-z,M134-01,PROBAST+AI,model_evaluation,applicability_predictors,low,Availability of the measured predictors in intended use; based on PubMed record and PMC full text. NR fields were not imputed.,https://pmc.ncbi.nlm.nih.gov/articles/PMC12822141/,single-pass AI-assisted audit; author sign-off pending
S-10.1186/s12911-025-03305-z,M134-01,PROBAST+AI,model_evaluation,applicability_outcome,unclear,Match between modeled target and intended clinical claim; based on PubMed record and PMC full text. NR fields were not imputed.,https://pmc.ncbi.nlm.nih.gov/articles/PMC12822141/,single-pass AI-assisted audit; author sign-off pending
S-10.1109/tbme.2017.2756870,M151-01,PROBAST+AI,model_evaluation,participants_and_data_sources,unclear,Sampling frame and unique participant count; based on PubMed record and PMC full text. NR fields were not imputed.,https://pmc.ncbi.nlm.nih.gov/articles/PMC5718188/,single-pass AI-assisted audit; author sign-off pending
S-10.1109/tbme.2017.2756870,M151-01,PROBAST+AI,model_evaluation,predictors,unclear,Signal acquisition and predictor processing; based on PubMed record and PMC full text. NR fields were not imputed.,https://pmc.ncbi.nlm.nih.gov/articles/PMC5718188/,single-pass AI-assisted audit; author sign-off pending
S-10.1109/tbme.2017.2756870,M151-01,PROBAST+AI,model_evaluation,outcome,low,"Outcome definition, timing, and separation from predictors; based on PubMed record and PMC full text. NR fields were not imputed.",https://pmc.ncbi.nlm.nih.gov/articles/PMC5718188/,single-pass AI-assisted audit; author sign-off pending
S-10.1109/tbme.2017.2756870,M151-01,PROBAST+AI,model_evaluation,analysis,unclear,"Person-level separation, tuning, and performance analysis; based on PubMed record and PMC full text. NR fields were not imputed.",https://pmc.ncbi.nlm.nih.gov/articles/PMC5718188/,single-pass AI-assisted audit; author sign-off pending
S-10.1109/tbme.2017.2756870,M151-01,PROBAST+AI,model_evaluation,applicability_participants,low,Population match to clinical pain-state use; based on PubMed record and PMC full text. NR fields were not imputed.,https://pmc.ncbi.nlm.nih.gov/articles/PMC5718188/,single-pass AI-assisted audit; author sign-off pending
S-10.1109/tbme.2017.2756870,M151-01,PROBAST+AI,model_evaluation,applicability_predictors,low,Availability of the measured predictors in intended use; based on PubMed record and PMC full text. NR fields were not imputed.,https://pmc.ncbi.nlm.nih.gov/articles/PMC5718188/,single-pass AI-assisted audit; author sign-off pending
S-10.1109/tbme.2017.2756870,M151-01,PROBAST+AI,model_evaluation,applicability_outcome,low,Match between modeled target and intended clinical claim; based on PubMed record and PMC full text. NR fields were not imputed.,https://pmc.ncbi.nlm.nih.gov/articles/PMC5718188/,single-pass AI-assisted audit; author sign-off pending
S-10.1038/ncomms14211,M045-01,PROBAST+AI,model_evaluation,participants_and_data_sources,unclear,Sampling frame and unique participant count; based on curated evidence map and available report. NR fields were not imputed.,https://pmc.ncbi.nlm.nih.gov/articles/PMC5316889/,single-pass AI-assisted audit; author sign-off pending
S-10.1038/ncomms14211,M045-01,PROBAST+AI,model_evaluation,predictors,unclear,Signal acquisition and predictor processing; based on curated evidence map and available report. NR fields were not imputed.,https://pmc.ncbi.nlm.nih.gov/articles/PMC5316889/,single-pass AI-assisted audit; author sign-off pending
S-10.1038/ncomms14211,M045-01,PROBAST+AI,model_evaluation,outcome,unclear,"Outcome definition, timing, and separation from predictors; based on curated evidence map and available report. NR fields were not imputed.",https://pmc.ncbi.nlm.nih.gov/articles/PMC5316889/,single-pass AI-assisted audit; author sign-off pending
S-10.1038/ncomms14211,M045-01,PROBAST+AI,model_evaluation,analysis,unclear,"Person-level separation, tuning, and performance analysis; based on curated evidence map and available report. NR fields were not imputed.",https://pmc.ncbi.nlm.nih.gov/articles/PMC5316889/,single-pass AI-assisted audit; author sign-off pending
S-10.1038/ncomms14211,M045-01,PROBAST+AI,model_evaluation,applicability_participants,unclear,Population match to clinical pain-state use; based on curated evidence map and available report. NR fields were not imputed.,https://pmc.ncbi.nlm.nih.gov/articles/PMC5316889/,single-pass AI-assisted audit; author sign-off pending
S-10.1038/ncomms14211,M045-01,PROBAST+AI,model_evaluation,applicability_predictors,low,Availability of the measured predictors in intended use; based on curated evidence map and available report. NR fields were not imputed.,https://pmc.ncbi.nlm.nih.gov/articles/PMC5316889/,single-pass AI-assisted audit; author sign-off pending
S-10.1038/ncomms14211,M045-01,PROBAST+AI,model_evaluation,applicability_outcome,unclear,Match between modeled target and intended clinical claim; based on curated evidence map and available report. NR fields were not imputed.,https://pmc.ncbi.nlm.nih.gov/articles/PMC5316889/,single-pass AI-assisted audit; author sign-off pending
S-10.1016/j.dib.2026.112842,M136-01,dataset_transparency,descriptive_transparency,sampling,clear,Unique participant count and population description; based on PubMed record and PMC full text. NR fields were not imputed.,https://pmc.ncbi.nlm.nih.gov/articles/PMC13208079/,single-pass AI-assisted audit; author sign-off pending
S-10.1016/j.dib.2026.112842,M136-01,dataset_transparency,descriptive_transparency,labeling,clear,Target definition and provenance of labels; based on PubMed record and PMC full text. NR fields were not imputed.,https://pmc.ncbi.nlm.nih.gov/articles/PMC13208079/,single-pass AI-assisted audit; author sign-off pending
S-10.1016/j.dib.2026.112842,M136-01,dataset_transparency,descriptive_transparency,processing,unclear,Processing boundary reported in checked source; based on PubMed record and PMC full text. NR fields were not imputed.,https://pmc.ncbi.nlm.nih.gov/articles/PMC13208079/,single-pass AI-assisted audit; author sign-off pending
S-10.1016/j.dib.2026.112842,M136-01,dataset_transparency,descriptive_transparency,validation_and_access,limited,Reuse access and validation information; based on PubMed record and PMC full text. NR fields were not imputed.,https://pmc.ncbi.nlm.nih.gov/articles/PMC13208079/,single-pass AI-assisted audit; author sign-off pending
S-10.3390/s26103020,M056-01,PROBAST+AI,model_evaluation,participants_and_data_sources,unclear,Sampling frame and unique participant count; based on curated evidence map and available report. NR fields were not imputed.,https://pmc.ncbi.nlm.nih.gov/articles/PMC13211154/,single-pass AI-assisted audit; author sign-off pending
S-10.3390/s26103020,M056-01,PROBAST+AI,model_evaluation,predictors,unclear,Signal acquisition and predictor processing; based on curated evidence map and available report. NR fields were not imputed.,https://pmc.ncbi.nlm.nih.gov/articles/PMC13211154/,single-pass AI-assisted audit; author sign-off pending
S-10.3390/s26103020,M056-01,PROBAST+AI,model_evaluation,outcome,low,"Outcome definition, timing, and separation from predictors; based on curated evidence map and available report. NR fields were not imputed.",https://pmc.ncbi.nlm.nih.gov/articles/PMC13211154/,single-pass AI-assisted audit; author sign-off pending
S-10.3390/s26103020,M056-01,PROBAST+AI,model_evaluation,analysis,unclear,"Person-level separation, tuning, and performance analysis; based on curated evidence map and available report. NR fields were not imputed.",https://pmc.ncbi.nlm.nih.gov/articles/PMC13211154/,single-pass AI-assisted audit; author sign-off pending
S-10.3390/s26103020,M056-01,PROBAST+AI,model_evaluation,applicability_participants,unclear,Population match to clinical pain-state use; based on curated evidence map and available report. NR fields were not imputed.,https://pmc.ncbi.nlm.nih.gov/articles/PMC13211154/,single-pass AI-assisted audit; author sign-off pending
S-10.3390/s26103020,M056-01,PROBAST+AI,model_evaluation,applicability_predictors,low,Availability of the measured predictors in intended use; based on curated evidence map and available report. NR fields were not imputed.,https://pmc.ncbi.nlm.nih.gov/articles/PMC13211154/,single-pass AI-assisted audit; author sign-off pending
S-10.3390/s26103020,M056-01,PROBAST+AI,model_evaluation,applicability_outcome,low,Match between modeled target and intended clinical claim; based on curated evidence map and available report. NR fields were not imputed.,https://pmc.ncbi.nlm.nih.gov/articles/PMC13211154/,single-pass AI-assisted audit; author sign-off pending
S-10.1109/tbme.2009.2039214,M152-01,PROBAST+AI,model_evaluation,participants_and_data_sources,unclear,Sampling frame and unique participant count; based on PubMed record and PMC full text. NR fields were not imputed.,https://pmc.ncbi.nlm.nih.gov/articles/PMC3103750/,single-pass AI-assisted audit; author sign-off pending
S-10.1109/tbme.2009.2039214,M152-01,PROBAST+AI,model_evaluation,predictors,unclear,Signal acquisition and predictor processing; based on PubMed record and PMC full text. NR fields were not imputed.,https://pmc.ncbi.nlm.nih.gov/articles/PMC3103750/,single-pass AI-assisted audit; author sign-off pending
S-10.1109/tbme.2009.2039214,M152-01,PROBAST+AI,model_evaluation,outcome,unclear,"Outcome definition, timing, and separation from predictors; based on PubMed record and PMC full text. NR fields were not imputed.",https://pmc.ncbi.nlm.nih.gov/articles/PMC3103750/,single-pass AI-assisted audit; author sign-off pending
S-10.1109/tbme.2009.2039214,M152-01,PROBAST+AI,model_evaluation,analysis,unclear,"Person-level separation, tuning, and performance analysis; based on PubMed record and PMC full text. NR fields were not imputed.",https://pmc.ncbi.nlm.nih.gov/articles/PMC3103750/,single-pass AI-assisted audit; author sign-off pending
S-10.1109/tbme.2009.2039214,M152-01,PROBAST+AI,model_evaluation,applicability_participants,low,Population match to clinical pain-state use; based on PubMed record and PMC full text. NR fields were not imputed.,https://pmc.ncbi.nlm.nih.gov/articles/PMC3103750/,single-pass AI-assisted audit; author sign-off pending
S-10.1109/tbme.2009.2039214,M152-01,PROBAST+AI,model_evaluation,applicability_predictors,low,Availability of the measured predictors in intended use; based on PubMed record and PMC full text. NR fields were not imputed.,https://pmc.ncbi.nlm.nih.gov/articles/PMC3103750/,single-pass AI-assisted audit; author sign-off pending
S-10.1109/tbme.2009.2039214,M152-01,PROBAST+AI,model_evaluation,applicability_outcome,unclear,Match between modeled target and intended clinical claim; based on PubMed record and PMC full text. NR fields were not imputed.,https://pmc.ncbi.nlm.nih.gov/articles/PMC3103750/,single-pass AI-assisted audit; author sign-off pending
S-10.1093/neuros/nyaa003,M137-01,validation_transparency,descriptive_transparency,sampling,unclear,Unique participant count and sampling frame; based on PubMed record and PMC full text. NR fields were not imputed.,https://pmc.ncbi.nlm.nih.gov/articles/PMC8184296/,single-pass AI-assisted audit; author sign-off pending
S-10.1093/neuros/nyaa003,M137-01,validation_transparency,descriptive_transparency,target_definition,clear,"Stimulus, behavior, ECAP, or descriptive target kept distinct from pain self-report; based on PubMed record and PMC full text. NR fields were not imputed.",https://pmc.ncbi.nlm.nih.gov/articles/PMC8184296/,single-pass AI-assisted audit; author sign-off pending
S-10.1093/neuros/nyaa003,M137-01,validation_transparency,descriptive_transparency,processing_boundary,unclear,Preprocessing and segmentation boundary; based on PubMed record and PMC full text. NR fields were not imputed.,https://pmc.ncbi.nlm.nih.gov/articles/PMC8184296/,single-pass AI-assisted audit; author sign-off pending
S-10.1093/neuros/nyaa003,M137-01,validation_transparency,descriptive_transparency,validation_design,unclear,Unit of separation between development and evaluation data; based on PubMed record and PMC full text. NR fields were not imputed.,https://pmc.ncbi.nlm.nih.gov/articles/PMC8184296/,single-pass AI-assisted audit; author sign-off pending
S-10.1038/s41597-025-04733-2,M017-01,dataset_transparency,descriptive_transparency,sampling,clear,Unique participant count and population description; based on curated evidence map and available report. NR fields were not imputed.,https://pmc.ncbi.nlm.nih.gov/articles/PMC11985987/,single-pass AI-assisted audit; author sign-off pending
S-10.1038/s41597-025-04733-2,M017-01,dataset_transparency,descriptive_transparency,labeling,unclear,Target definition and provenance of labels; based on curated evidence map and available report. NR fields were not imputed.,https://pmc.ncbi.nlm.nih.gov/articles/PMC11985987/,single-pass AI-assisted audit; author sign-off pending
S-10.1038/s41597-025-04733-2,M017-01,dataset_transparency,descriptive_transparency,processing,unclear,Processing boundary reported in checked source; based on curated evidence map and available report. NR fields were not imputed.,https://pmc.ncbi.nlm.nih.gov/articles/PMC11985987/,single-pass AI-assisted audit; author sign-off pending
S-10.1038/s41597-025-04733-2,M017-01,dataset_transparency,descriptive_transparency,validation_and_access,limited,Reuse access and validation information; based on curated evidence map and available report. NR fields were not imputed.,https://pmc.ncbi.nlm.nih.gov/articles/PMC11985987/,single-pass AI-assisted audit; author sign-off pending
S-10.1109/taffc.2015.2462830,M019-01,dataset_transparency,descriptive_transparency,sampling,clear,Unique participant count and population description; based on curated evidence map and available report. NR fields were not imputed.,https://pmc.ncbi.nlm.nih.gov/articles/PMC6430129/,single-pass AI-assisted audit; author sign-off pending
S-10.1109/taffc.2015.2462830,M019-01,dataset_transparency,descriptive_transparency,labeling,unclear,Target definition and provenance of labels; based on curated evidence map and available report. NR fields were not imputed.,https://pmc.ncbi.nlm.nih.gov/articles/PMC6430129/,single-pass AI-assisted audit; author sign-off pending
S-10.1109/taffc.2015.2462830,M019-01,dataset_transparency,descriptive_transparency,processing,unclear,Processing boundary reported in checked source; based on curated evidence map and available report. NR fields were not imputed.,https://pmc.ncbi.nlm.nih.gov/articles/PMC6430129/,single-pass AI-assisted audit; author sign-off pending
S-10.1109/taffc.2015.2462830,M019-01,dataset_transparency,descriptive_transparency,validation_and_access,limited,Reuse access and validation information; based on curated evidence map and available report. NR fields were not imputed.,https://pmc.ncbi.nlm.nih.gov/articles/PMC6430129/,single-pass AI-assisted audit; author sign-off pending
S-10.1109/cybconf.2013.6617456,M013-01,dataset_transparency,descriptive_transparency,sampling,clear,Unique participant count and population description; based on curated evidence map and available report. NR fields were not imputed.,https://doi.org/10.1109/cybconf.2013.6617456,single-pass AI-assisted audit; author sign-off pending
S-10.1109/cybconf.2013.6617456,M013-01,dataset_transparency,descriptive_transparency,labeling,unclear,Target definition and provenance of labels; based on curated evidence map and available report. NR fields were not imputed.,https://doi.org/10.1109/cybconf.2013.6617456,single-pass AI-assisted audit; author sign-off pending
S-10.1109/cybconf.2013.6617456,M013-01,dataset_transparency,descriptive_transparency,processing,unclear,Processing boundary reported in checked source; based on curated evidence map and available report. NR fields were not imputed.,https://doi.org/10.1109/cybconf.2013.6617456,single-pass AI-assisted audit; author sign-off pending
S-10.1109/cybconf.2013.6617456,M013-01,dataset_transparency,descriptive_transparency,validation_and_access,clear,Reuse access and validation information; based on curated evidence map and available report. NR fields were not imputed.,https://doi.org/10.1109/cybconf.2013.6617456,single-pass AI-assisted audit; author sign-off pending
S-10.2196/41992,M138-01,PROBAST+AI,model_evaluation,participants_and_data_sources,unclear,Sampling frame and unique participant count; based on PubMed record and PMC full text. NR fields were not imputed.,https://pmc.ncbi.nlm.nih.gov/articles/PMC9972204/,single-pass AI-assisted audit; author sign-off pending
S-10.2196/41992,M138-01,PROBAST+AI,model_evaluation,predictors,unclear,Signal acquisition and predictor processing; based on PubMed record and PMC full text. NR fields were not imputed.,https://pmc.ncbi.nlm.nih.gov/articles/PMC9972204/,single-pass AI-assisted audit; author sign-off pending
S-10.2196/41992,M138-01,PROBAST+AI,model_evaluation,outcome,low,"Outcome definition, timing, and separation from predictors; based on PubMed record and PMC full text. NR fields were not imputed.",https://pmc.ncbi.nlm.nih.gov/articles/PMC9972204/,single-pass AI-assisted audit; author sign-off pending
S-10.2196/41992,M138-01,PROBAST+AI,model_evaluation,analysis,unclear,"Person-level separation, tuning, and performance analysis; based on PubMed record and PMC full text. NR fields were not imputed.",https://pmc.ncbi.nlm.nih.gov/articles/PMC9972204/,single-pass AI-assisted audit; author sign-off pending
S-10.2196/41992,M138-01,PROBAST+AI,model_evaluation,applicability_participants,low,Population match to clinical pain-state use; based on PubMed record and PMC full text. NR fields were not imputed.,https://pmc.ncbi.nlm.nih.gov/articles/PMC9972204/,single-pass AI-assisted audit; author sign-off pending
S-10.2196/41992,M138-01,PROBAST+AI,model_evaluation,applicability_predictors,low,Availability of the measured predictors in intended use; based on PubMed record and PMC full text. NR fields were not imputed.,https://pmc.ncbi.nlm.nih.gov/articles/PMC9972204/,single-pass AI-assisted audit; author sign-off pending
S-10.2196/41992,M138-01,PROBAST+AI,model_evaluation,applicability_outcome,low,Match between modeled target and intended clinical claim; based on PubMed record and PMC full text. NR fields were not imputed.,https://pmc.ncbi.nlm.nih.gov/articles/PMC9972204/,single-pass AI-assisted audit; author sign-off pending
S-10.1109/taffc.2024.3390837,M020-01,dataset_transparency,descriptive_transparency,sampling,clear,Unique participant count and population description; based on curated evidence map and available report. NR fields were not imputed.,https://doi.org/10.1109/taffc.2024.3390837,single-pass AI-assisted audit; author sign-off pending
S-10.1109/taffc.2024.3390837,M020-01,dataset_transparency,descriptive_transparency,labeling,unclear,Target definition and provenance of labels; based on curated evidence map and available report. NR fields were not imputed.,https://doi.org/10.1109/taffc.2024.3390837,single-pass AI-assisted audit; author sign-off pending
S-10.1109/taffc.2024.3390837,M020-01,dataset_transparency,descriptive_transparency,processing,unclear,Processing boundary reported in checked source; based on curated evidence map and available report. NR fields were not imputed.,https://doi.org/10.1109/taffc.2024.3390837,single-pass AI-assisted audit; author sign-off pending
S-10.1109/taffc.2024.3390837,M020-01,dataset_transparency,descriptive_transparency,validation_and_access,limited,Reuse access and validation information; based on curated evidence map and available report. NR fields were not imputed.,https://doi.org/10.1109/taffc.2024.3390837,single-pass AI-assisted audit; author sign-off pending
S-10.3389/fnins.2021.673998,M047-01,validation_transparency,descriptive_transparency,sampling,clear,Unique participant count and sampling frame; based on curated evidence map and available report. NR fields were not imputed.,https://pmc.ncbi.nlm.nih.gov/articles/PMC8320888/,single-pass AI-assisted audit; author sign-off pending
S-10.3389/fnins.2021.673998,M047-01,validation_transparency,descriptive_transparency,target_definition,unclear,"Stimulus, behavior, ECAP, or descriptive target kept distinct from pain self-report; based on curated evidence map and available report. NR fields were not imputed.",https://pmc.ncbi.nlm.nih.gov/articles/PMC8320888/,single-pass AI-assisted audit; author sign-off pending
S-10.3389/fnins.2021.673998,M047-01,validation_transparency,descriptive_transparency,processing_boundary,unclear,Preprocessing and segmentation boundary; based on curated evidence map and available report. NR fields were not imputed.,https://pmc.ncbi.nlm.nih.gov/articles/PMC8320888/,single-pass AI-assisted audit; author sign-off pending
S-10.3389/fnins.2021.673998,M047-01,validation_transparency,descriptive_transparency,validation_design,clear,Unit of separation between development and evaluation data; based on curated evidence map and available report. NR fields were not imputed.,https://pmc.ncbi.nlm.nih.gov/articles/PMC8320888/,single-pass AI-assisted audit; author sign-off pending
S-10.3390/diagnostics16091346,M139-01,PROBAST+AI,model_evaluation,participants_and_data_sources,unclear,Sampling frame and unique participant count; based on PubMed record and PMC full text. NR fields were not imputed.,https://pmc.ncbi.nlm.nih.gov/articles/PMC13163485/,single-pass AI-assisted audit; author sign-off pending
S-10.3390/diagnostics16091346,M139-01,PROBAST+AI,model_evaluation,predictors,unclear,Signal acquisition and predictor processing; based on PubMed record and PMC full text. NR fields were not imputed.,https://pmc.ncbi.nlm.nih.gov/articles/PMC13163485/,single-pass AI-assisted audit; author sign-off pending
S-10.3390/diagnostics16091346,M139-01,PROBAST+AI,model_evaluation,outcome,unclear,"Outcome definition, timing, and separation from predictors; based on PubMed record and PMC full text. NR fields were not imputed.",https://pmc.ncbi.nlm.nih.gov/articles/PMC13163485/,single-pass AI-assisted audit; author sign-off pending
S-10.3390/diagnostics16091346,M139-01,PROBAST+AI,model_evaluation,analysis,unclear,"Person-level separation, tuning, and performance analysis; based on PubMed record and PMC full text. NR fields were not imputed.",https://pmc.ncbi.nlm.nih.gov/articles/PMC13163485/,single-pass AI-assisted audit; author sign-off pending
S-10.3390/diagnostics16091346,M139-01,PROBAST+AI,model_evaluation,applicability_participants,low,Population match to clinical pain-state use; based on PubMed record and PMC full text. NR fields were not imputed.,https://pmc.ncbi.nlm.nih.gov/articles/PMC13163485/,single-pass AI-assisted audit; author sign-off pending
S-10.3390/diagnostics16091346,M139-01,PROBAST+AI,model_evaluation,applicability_predictors,low,Availability of the measured predictors in intended use; based on PubMed record and PMC full text. NR fields were not imputed.,https://pmc.ncbi.nlm.nih.gov/articles/PMC13163485/,single-pass AI-assisted audit; author sign-off pending
S-10.3390/diagnostics16091346,M139-01,PROBAST+AI,model_evaluation,applicability_outcome,unclear,Match between modeled target and intended clinical claim; based on PubMed record and PMC full text. NR fields were not imputed.,https://pmc.ncbi.nlm.nih.gov/articles/PMC13163485/,single-pass AI-assisted audit; author sign-off pending
S-10.3389/fphys.2023.1294577,M043-01,validation_transparency,descriptive_transparency,sampling,clear,Unique participant count and sampling frame; based on curated evidence map and available report. NR fields were not imputed.,https://pmc.ncbi.nlm.nih.gov/articles/PMC10730685/,single-pass AI-assisted audit; author sign-off pending
S-10.3389/fphys.2023.1294577,M043-01,validation_transparency,descriptive_transparency,target_definition,clear,"Stimulus, behavior, ECAP, or descriptive target kept distinct from pain self-report; based on curated evidence map and available report. NR fields were not imputed.",https://pmc.ncbi.nlm.nih.gov/articles/PMC10730685/,single-pass AI-assisted audit; author sign-off pending
S-10.3389/fphys.2023.1294577,M043-01,validation_transparency,descriptive_transparency,processing_boundary,unclear,Preprocessing and segmentation boundary; based on curated evidence map and available report. NR fields were not imputed.,https://pmc.ncbi.nlm.nih.gov/articles/PMC10730685/,single-pass AI-assisted audit; author sign-off pending
S-10.3389/fphys.2023.1294577,M043-01,validation_transparency,descriptive_transparency,validation_design,clear,Unit of separation between development and evaluation data; based on curated evidence map and available report. NR fields were not imputed.,https://pmc.ncbi.nlm.nih.gov/articles/PMC10730685/,single-pass AI-assisted audit; author sign-off pending
S-10.3390/s20030839,M140-01,PROBAST+AI,model_evaluation,participants_and_data_sources,unclear,Sampling frame and unique participant count; based on PubMed record and PMC full text. NR fields were not imputed.,https://pmc.ncbi.nlm.nih.gov/articles/PMC7038688/,single-pass AI-assisted audit; author sign-off pending
S-10.3390/s20030839,M140-01,PROBAST+AI,model_evaluation,predictors,unclear,Signal acquisition and predictor processing; based on PubMed record and PMC full text. NR fields were not imputed.,https://pmc.ncbi.nlm.nih.gov/articles/PMC7038688/,single-pass AI-assisted audit; author sign-off pending
S-10.3390/s20030839,M140-01,PROBAST+AI,model_evaluation,outcome,unclear,"Outcome definition, timing, and separation from predictors; based on PubMed record and PMC full text. NR fields were not imputed.",https://pmc.ncbi.nlm.nih.gov/articles/PMC7038688/,single-pass AI-assisted audit; author sign-off pending
S-10.3390/s20030839,M140-01,PROBAST+AI,model_evaluation,analysis,unclear,"Person-level separation, tuning, and performance analysis; based on PubMed record and PMC full text. NR fields were not imputed.",https://pmc.ncbi.nlm.nih.gov/articles/PMC7038688/,single-pass AI-assisted audit; author sign-off pending
S-10.3390/s20030839,M140-01,PROBAST+AI,model_evaluation,applicability_participants,unclear,Population match to clinical pain-state use; based on PubMed record and PMC full text. NR fields were not imputed.,https://pmc.ncbi.nlm.nih.gov/articles/PMC7038688/,single-pass AI-assisted audit; author sign-off pending
S-10.3390/s20030839,M140-01,PROBAST+AI,model_evaluation,applicability_predictors,low,Availability of the measured predictors in intended use; based on PubMed record and PMC full text. NR fields were not imputed.,https://pmc.ncbi.nlm.nih.gov/articles/PMC7038688/,single-pass AI-assisted audit; author sign-off pending
S-10.3390/s20030839,M140-01,PROBAST+AI,model_evaluation,applicability_outcome,unclear,Match between modeled target and intended clinical claim; based on PubMed record and PMC full text. NR fields were not imputed.,https://pmc.ncbi.nlm.nih.gov/articles/PMC7038688/,single-pass AI-assisted audit; author sign-off pending
S-10.1371/journal.pone.0307970,M029-01,PROBAST+AI,model_evaluation,participants_and_data_sources,low,Sampling frame and unique participant count; based on curated evidence map and available report. NR fields were not imputed.,https://pmc.ncbi.nlm.nih.gov/articles/PMC11293669/,single-pass AI-assisted audit; author sign-off pending
S-10.1371/journal.pone.0307970,M029-01,PROBAST+AI,model_evaluation,predictors,unclear,Signal acquisition and predictor processing; based on curated evidence map and available report. NR fields were not imputed.,https://pmc.ncbi.nlm.nih.gov/articles/PMC11293669/,single-pass AI-assisted audit; author sign-off pending
S-10.1371/journal.pone.0307970,M029-01,PROBAST+AI,model_evaluation,outcome,unclear,"Outcome definition, timing, and separation from predictors; based on curated evidence map and available report. NR fields were not imputed.",https://pmc.ncbi.nlm.nih.gov/articles/PMC11293669/,single-pass AI-assisted audit; author sign-off pending
S-10.1371/journal.pone.0307970,M029-01,PROBAST+AI,model_evaluation,analysis,unclear,"Person-level separation, tuning, and performance analysis; based on curated evidence map and available report. NR fields were not imputed.",https://pmc.ncbi.nlm.nih.gov/articles/PMC11293669/,single-pass AI-assisted audit; author sign-off pending
S-10.1371/journal.pone.0307970,M029-01,PROBAST+AI,model_evaluation,applicability_participants,unclear,Population match to clinical pain-state use; based on curated evidence map and available report. NR fields were not imputed.,https://pmc.ncbi.nlm.nih.gov/articles/PMC11293669/,single-pass AI-assisted audit; author sign-off pending
S-10.1371/journal.pone.0307970,M029-01,PROBAST+AI,model_evaluation,applicability_predictors,low,Availability of the measured predictors in intended use; based on curated evidence map and available report. NR fields were not imputed.,https://pmc.ncbi.nlm.nih.gov/articles/PMC11293669/,single-pass AI-assisted audit; author sign-off pending
S-10.1371/journal.pone.0307970,M029-01,PROBAST+AI,model_evaluation,applicability_outcome,unclear,Match between modeled target and intended clinical claim; based on curated evidence map and available report. NR fields were not imputed.,https://pmc.ncbi.nlm.nih.gov/articles/PMC11293669/,single-pass AI-assisted audit; author sign-off pending
S-10.2196/13671,M141-01,PROBAST+AI,model_evaluation,participants_and_data_sources,unclear,Sampling frame and unique participant count; based on PubMed record and PMC full text. NR fields were not imputed.,https://pmc.ncbi.nlm.nih.gov/articles/PMC6915456/,single-pass AI-assisted audit; author sign-off pending
S-10.2196/13671,M141-01,PROBAST+AI,model_evaluation,predictors,unclear,Signal acquisition and predictor processing; based on PubMed record and PMC full text. NR fields were not imputed.,https://pmc.ncbi.nlm.nih.gov/articles/PMC6915456/,single-pass AI-assisted audit; author sign-off pending
S-10.2196/13671,M141-01,PROBAST+AI,model_evaluation,outcome,low,"Outcome definition, timing, and separation from predictors; based on PubMed record and PMC full text. NR fields were not imputed.",https://pmc.ncbi.nlm.nih.gov/articles/PMC6915456/,single-pass AI-assisted audit; author sign-off pending
S-10.2196/13671,M141-01,PROBAST+AI,model_evaluation,analysis,unclear,"Person-level separation, tuning, and performance analysis; based on PubMed record and PMC full text. NR fields were not imputed.",https://pmc.ncbi.nlm.nih.gov/articles/PMC6915456/,single-pass AI-assisted audit; author sign-off pending
S-10.2196/13671,M141-01,PROBAST+AI,model_evaluation,applicability_participants,low,Population match to clinical pain-state use; based on PubMed record and PMC full text. NR fields were not imputed.,https://pmc.ncbi.nlm.nih.gov/articles/PMC6915456/,single-pass AI-assisted audit; author sign-off pending
S-10.2196/13671,M141-01,PROBAST+AI,model_evaluation,applicability_predictors,low,Availability of the measured predictors in intended use; based on PubMed record and PMC full text. NR fields were not imputed.,https://pmc.ncbi.nlm.nih.gov/articles/PMC6915456/,single-pass AI-assisted audit; author sign-off pending
S-10.2196/13671,M141-01,PROBAST+AI,model_evaluation,applicability_outcome,low,Match between modeled target and intended clinical claim; based on PubMed record and PMC full text. NR fields were not imputed.,https://pmc.ncbi.nlm.nih.gov/articles/PMC6915456/,single-pass AI-assisted audit; author sign-off pending
S-10.3390/s23031443,M142-01,PROBAST+AI,model_evaluation,participants_and_data_sources,unclear,Sampling frame and unique participant count; based on PubMed record and PMC full text. NR fields were not imputed.,https://pmc.ncbi.nlm.nih.gov/articles/PMC9919606/,single-pass AI-assisted audit; author sign-off pending
S-10.3390/s23031443,M142-01,PROBAST+AI,model_evaluation,predictors,unclear,Signal acquisition and predictor processing; based on PubMed record and PMC full text. NR fields were not imputed.,https://pmc.ncbi.nlm.nih.gov/articles/PMC9919606/,single-pass AI-assisted audit; author sign-off pending
S-10.3390/s23031443,M142-01,PROBAST+AI,model_evaluation,outcome,unclear,"Outcome definition, timing, and separation from predictors; based on PubMed record and PMC full text. NR fields were not imputed.",https://pmc.ncbi.nlm.nih.gov/articles/PMC9919606/,single-pass AI-assisted audit; author sign-off pending
S-10.3390/s23031443,M142-01,PROBAST+AI,model_evaluation,analysis,unclear,"Person-level separation, tuning, and performance analysis; based on PubMed record and PMC full text. NR fields were not imputed.",https://pmc.ncbi.nlm.nih.gov/articles/PMC9919606/,single-pass AI-assisted audit; author sign-off pending
S-10.3390/s23031443,M142-01,PROBAST+AI,model_evaluation,applicability_participants,low,Population match to clinical pain-state use; based on PubMed record and PMC full text. NR fields were not imputed.,https://pmc.ncbi.nlm.nih.gov/articles/PMC9919606/,single-pass AI-assisted audit; author sign-off pending
S-10.3390/s23031443,M142-01,PROBAST+AI,model_evaluation,applicability_predictors,low,Availability of the measured predictors in intended use; based on PubMed record and PMC full text. NR fields were not imputed.,https://pmc.ncbi.nlm.nih.gov/articles/PMC9919606/,single-pass AI-assisted audit; author sign-off pending
S-10.3390/s23031443,M142-01,PROBAST+AI,model_evaluation,applicability_outcome,unclear,Match between modeled target and intended clinical claim; based on PubMed record and PMC full text. NR fields were not imputed.,https://pmc.ncbi.nlm.nih.gov/articles/PMC9919606/,single-pass AI-assisted audit; author sign-off pending
S-10.3390/diagnostics13162661,M143-01,validation_transparency,descriptive_transparency,sampling,clear,Unique participant count and sampling frame; based on PubMed record and PMC full text. NR fields were not imputed.,https://pmc.ncbi.nlm.nih.gov/articles/PMC10453072/,single-pass AI-assisted audit; author sign-off pending
S-10.3390/diagnostics13162661,M143-01,validation_transparency,descriptive_transparency,target_definition,clear,"Stimulus, behavior, ECAP, or descriptive target kept distinct from pain self-report; based on PubMed record and PMC full text. NR fields were not imputed.",https://pmc.ncbi.nlm.nih.gov/articles/PMC10453072/,single-pass AI-assisted audit; author sign-off pending
S-10.3390/diagnostics13162661,M143-01,validation_transparency,descriptive_transparency,processing_boundary,unclear,Preprocessing and segmentation boundary; based on PubMed record and PMC full text. NR fields were not imputed.,https://pmc.ncbi.nlm.nih.gov/articles/PMC10453072/,single-pass AI-assisted audit; author sign-off pending
S-10.3390/diagnostics13162661,M143-01,validation_transparency,descriptive_transparency,validation_design,unclear,Unit of separation between development and evaluation data; based on PubMed record and PMC full text. NR fields were not imputed.,https://pmc.ncbi.nlm.nih.gov/articles/PMC10453072/,single-pass AI-assisted audit; author sign-off pending
S-10.1016/j.dib.2026.113131,M016-01,dataset_transparency,descriptive_transparency,sampling,clear,Unique participant count and population description; based on curated evidence map and available report. NR fields were not imputed.,https://pmc.ncbi.nlm.nih.gov/articles/PMC13487592/,single-pass AI-assisted audit; author sign-off pending
S-10.1016/j.dib.2026.113131,M016-01,dataset_transparency,descriptive_transparency,labeling,unclear,Target definition and provenance of labels; based on curated evidence map and available report. NR fields were not imputed.,https://pmc.ncbi.nlm.nih.gov/articles/PMC13487592/,single-pass AI-assisted audit; author sign-off pending
S-10.1016/j.dib.2026.113131,M016-01,dataset_transparency,descriptive_transparency,processing,unclear,Processing boundary reported in checked source; based on curated evidence map and available report. NR fields were not imputed.,https://pmc.ncbi.nlm.nih.gov/articles/PMC13487592/,single-pass AI-assisted audit; author sign-off pending
S-10.1016/j.dib.2026.113131,M016-01,dataset_transparency,descriptive_transparency,validation_and_access,clear,Reuse access and validation information; based on curated evidence map and available report. NR fields were not imputed.,https://pmc.ncbi.nlm.nih.gov/articles/PMC13487592/,single-pass AI-assisted audit; author sign-off pending
